{
    "basic_metrics": {
        "mse": 121.46524047851562,
        "rmse": 11.02112700582457,
        "mae": 7.889769077301025,
        "r2": -238.00222778320312,
        "pred_mean": 7.703256130218506,
        "pred_std": 9.651857376098633,
        "true_mean": 2.4408154487609863,
        "true_std": 0.712894082069397
    },
    "bias_analysis": {
        "bias_range_1": 6.9711995124816895,
        "bias_range_2": 5.347561359405518,
        "bias_range_3": 4.6353864669799805,
        "bias_range_4": 4.792661190032959
    },
    "top_k_metrics": {
        "ndcg@10": 0.8247356855273235,
        "precision@10": 0.6404494382022472,
        "recall@10": 0.6404494382022472
    },
    "cold_start_metrics": {
        "cold_items": {
            "count": 2021,
            "mse": 122.34715270996094,
            "rmse": 11.06106471864083,
            "mae": 7.9256181716918945,
            "r2": -248.62722778320312,
            "pred_mean": 7.729105472564697,
            "pred_std": 9.67897891998291,
            "true_mean": 2.436124563217163,
            "true_std": 0.7000852823257446
        },
        "warm_items": {
            "count": 17,
            "mse": 16.620512008666992,
            "rmse": 4.076826217619166,
            "mae": 3.627877712249756,
            "r2": -6.083958625793457,
            "pred_mean": 4.63020658493042,
            "pred_std": 4.6160078048706055,
            "true_mean": 2.998476028442383,
            "true_std": 1.531736969947815
        }
    }
}