{
    "train_loss": [
        22991429.50417571,
        11798464.118367342,
        4072372.748372365,
        1155207.4384764181,
        370947.92218777916,
        63116.592849646986,
        40627.22343381397,
        36030.956215787424
    ],
    "train_rmse": [
        4683.873891662149,
        3294.3735476475135,
        1799.7755145185133,
        766.803230154748,
        331.4122757023456,
        134.23616855518492,
        97.17690127971126,
        69.90433026528827
    ],
    "train_mae": [
        2465.0253381939497,
        1370.5320945066564,
        558.737316496232,
        208.2578876813253,
        91.57094339763417,
        43.85083451808668,
        33.792217766537384,
        26.29852241862054
    ],
    "train_ndcg": [
        0.41514767341169656,
        0.40272883468252774,
        0.41098652661358026,
        0.4156148655924435,
        0.43313241151033666,
        0.429691297750847,
        0.43607940093851555,
        0.44139004109756036
    ],
    "val_loss": [
        10084155.666674707,
        1782503.6978061951,
        554687.0067151671,
        11024.014913748446,
        733.3652017790972,
        623.1573569722286,
        20746.558089828406,
        150115.92901683072
    ],
    "val_rmse": [
        3070.841272092333,
        1024.3835969999725,
        388.5751787073472,
        44.24506323945288,
        22.88830090971554,
        20.7901865828271,
        44.6293538832197,
        106.83973593805351
    ],
    "val_mae": [
        1168.0355556712432,
        246.05429539026,
        86.79489242329316,
        16.66076182384117,
        10.917026047613106,
        9.659046360090667,
        13.654651641845703,
        25.18601636325612
    ],
    "val_ndcg": [
        0.43442852524857895,
        0.4420328596059014,
        0.4514520667201164,
        0.4635930081792906,
        0.461449303901663,
        0.4962046727099839,
        0.48977065100973727,
        0.49571187114890886
    ],
    "lr": [
        0.0001,
        0.0001,
        0.0001,
        0.0001,
        0.0001,
        0.0001,
        0.0001,
        0.0001
    ]
}