{
    "train_loss": [
        16.630361146328948,
        1.0519671638413697,
        0.6806203248362422,
        0.5999031775878577,
        0.38576608685529024,
        0.37990841519712365,
        0.32125464765520034,
        0.32947756348714186,
        0.2796809829740573,
        0.26263155958606405,
        0.22337860409450375,
        0.21770194551282668,
        0.20779085973472206,
        0.19294912434887448,
        0.16268228239429927,
        0.14605150811663015,
        0.10150069270660228,
        0.09985721124044349,
        0.08507130466603462,
        0.07544498139980567
    ],
    "train_rmse": [
        2.863982798072898,
        0.8541538475465146,
        0.6655497856482756,
        0.581696385112508,
        0.49990246750103334,
        0.4743720037700144,
        0.4505155451364705,
        0.43122559500317537,
        0.3971644740236298,
        0.39396504545080907,
        0.3645592624501923,
        0.35849524360048596,
        0.35538791011264326,
        0.323913015413718,
        0.30786606214792145,
        0.29631268685022677,
        0.25046254811820845,
        0.23011919047341975,
        0.22660661390438122,
        0.22238455647548008
    ],
    "train_mae": [
        2.03278648278004,
        0.5439351351012157,
        0.40516641280979293,
        0.33099308163163405,
        0.2850040086910506,
        0.26743246170491736,
        0.25230235576959725,
        0.23815869162731532,
        0.22401378526576335,
        0.21376478848860989,
        0.19854636769741774,
        0.19313653017971902,
        0.19581266243270115,
        0.17797640798896364,
        0.17057573761720257,
        0.16374789397644846,
        0.14231451646766707,
        0.136660557045731,
        0.13092111585119479,
        0.1310928447372457
    ],
    "train_ndcg": [
        0.7903884568124939,
        0.9611835469362102,
        0.9845947593073302,
        0.9888029080591624,
        0.9926418597939648,
        0.9949627612965016,
        0.9956346042925799,
        0.9959749847273284,
        0.995856225396259,
        0.9971607260500328,
        0.9975389946676507,
        0.9979873643834379,
        0.9976527691830562,
        0.9976573833559133,
        0.9981214035349556,
        0.9984748543629164,
        0.9988606087391889,
        0.9986500904152665,
        0.9987482092803037,
        0.9989969030588488
    ],
    "val_loss": [
        0.9391880847618613,
        0.33018025593228745,
        0.29448598827904376,
        0.10832524415053113,
        0.09883832279592752,
        0.3074022309172531,
        0.04706974979490042,
        4398.830707835696,
        0.06168749292289287,
        0.04185816639719505,
        0.3049863429123562,
        0.10778629867701044,
        0.06723947737785713,
        0.15211456833066236,
        0.07834466032250981,
        0.11750198668524833,
        0.06605192532920291,
        0.037398795541507046,
        0.06266450706515199,
        0.12772463355869265
    ],
    "val_rmse": [
        0.8742571992372088,
        0.5188966228554525,
        0.44921875046319315,
        0.2970077133693569,
        0.27803433719802095,
        0.44352033814287356,
        0.1965003144412618,
        8.122202649888228,
        0.2323713941352663,
        0.18472808669509327,
        0.45586269918615224,
        0.2856760431654221,
        0.23925698861051023,
        0.3356445257421406,
        0.22166776637524868,
        0.28559799659439566,
        0.23039545566113326,
        0.17412639513748637,
        0.22186359509402045,
        0.31559877438923417
    ],
    "val_mae": [
        0.5880991115536488,
        0.2766197122318644,
        0.275182307186261,
        0.18265998478926404,
        0.15468566203621073,
        0.2013326367022286,
        0.11106940243445651,
        1.5140733947111686,
        0.13223919471804524,
        0.1058114748185789,
        0.18697005872365455,
        0.14604388649614763,
        0.1279687943383002,
        0.17097019593060855,
        0.095513791265622,
        0.1156781678363471,
        0.11046315509248787,
        0.0784462515894376,
        0.0981923619836149,
        0.12334266032131624
    ],
    "val_ndcg": [
        0.9549657870346392,
        0.9888905731725021,
        0.9928302638967272,
        0.9962951557737001,
        0.9976059718870781,
        0.9967397762016511,
        0.9963979788229499,
        0.9976575357813231,
        0.996619462966919,
        0.9973971952854748,
        0.9986196420562099,
        0.9986509705933047,
        0.9987828496476294,
        0.9985354710632647,
        0.9992627098526753,
        0.9986722528094977,
        0.9993009642815925,
        0.9996941467406044,
        0.9993367253894537,
        0.9993710811709015
    ],
    "lr": [
        0.001,
        0.001,
        0.001,
        0.001,
        0.001,
        0.001,
        0.001,
        0.001,
        0.001,
        0.001,
        0.001,
        0.001,
        0.001,
        0.001,
        0.001,
        0.0005,
        0.0005,
        0.0005,
        0.0005,
        0.0005
    ]
}