{
    "train_loss": [
        7614851.672134948,
        662.1360190607925,
        8210.990622709825,
        520.6794436006594,
        463.60593488296666,
        450.39766949761133,
        299.9131958918205,
        266.6072195857429,
        288.3274378915091,
        226.45900885159682,
        275.7496494710058,
        221.41394819201597,
        264.3550766492613,
        262.4026416268156
    ],
    "train_rmse": [
        1761.767167970246,
        21.06271735125897,
        23.386864267143547,
        17.933522793592193,
        16.014944975866992,
        15.489093092142367,
        13.60213580143218,
        12.678514644795774,
        12.8156609768961,
        11.915117075630263,
        12.170605356786766,
        11.47984327112927,
        12.172805512068319,
        11.728580126575395
    ],
    "train_mae": [
        858.6322699913792,
        10.084312463507933,
        9.606061301979365,
        8.21022255747926,
        7.594188666226817,
        7.220033041986764,
        6.69005905471596,
        6.378514369913176,
        6.307851132224588,
        6.015002286317301,
        5.987450715373544,
        5.816245727679309,
        5.930390160457761,
        5.790640262996449
    ],
    "train_ndcg": [
        0.4256773592502463,
        0.44118852171973855,
        0.5074732101102378,
        0.6365301931897799,
        0.7532435964939057,
        0.7930795247940456,
        0.8155169018781653,
        0.8255395685486934,
        0.8400190408323326,
        0.8505386423830893,
        0.8598990379741379,
        0.8639458786038792,
        0.8618855404064936,
        0.86401195641534
    ],
    "val_loss": [
        753.5236569617728,
        36635.51828886979,
        537.5755207695995,
        451.13679917752614,
        61840.40765565802,
        348.0373852949742,
        91729.92958124925,
        338.02855920746254,
        61368.58284152221,
        228.8452330304442,
        205.25118321294593,
        240.28723750769836,
        276.0986148491902,
        238.9890627546721
    ],
    "val_rmse": [
        22.980657240923712,
        43.44756487304089,
        18.21773514093137,
        16.88008834100237,
        54.699196873926645,
        15.065439039585637,
        63.9697816325169,
        13.918862300760606,
        46.144814720340804,
        12.216268943805321,
        11.938457154760174,
        12.823890052589716,
        13.596360783950955,
        12.27482347161162
    ],
    "val_mae": [
        11.28460093573028,
        13.07095301618763,
        7.950872591897553,
        7.546593761911579,
        14.323964179730883,
        7.20068302341536,
        15.637074143278832,
        7.078040793830273,
        12.52052186984642,
        6.328478733698527,
        6.31255434774885,
        6.545715642910378,
        6.720629766875622,
        6.345566067041135
    ],
    "val_ndcg": [
        0.43995778277224185,
        0.5017237634051079,
        0.6061957300293679,
        0.6931914691539371,
        0.7384739868781146,
        0.7742137096676172,
        0.7941635207218283,
        0.80187574671764,
        0.793656073364557,
        0.8025468199276456,
        0.807250641432463,
        0.801891064526988,
        0.8083710159156837,
        0.8109090614552591
    ],
    "lr": [
        0.001,
        0.001,
        0.001,
        0.001,
        0.001,
        0.001,
        0.001,
        0.001,
        0.001,
        0.001,
        0.001,
        0.001,
        0.001,
        0.001
    ]
}