{
    "train_loss": [
        1573.4106846580023,
        241.66802635675745,
        129.58585886110234,
        81.33055539976192,
        60.043437613716605,
        49.388961017886295,
        42.711713415157945,
        37.04401670226568,
        31.510297592682175,
        28.098169061202036,
        24.962806463996067,
        22.979653856422328,
        20.624650590781926,
        18.37248856508279,
        16.41032188376294,
        15.106652148162262,
        13.923152925092962,
        12.319169042608406,
        11.82735844239404,
        11.080743769301645
    ],
    "train_rmse": [
        34.87875299744444,
        14.987261795962356,
        11.041098153423027,
        8.77760558087468,
        7.553408715871261,
        6.851181174457468,
        6.383387834579968,
        5.959030248017024,
        5.510335440600911,
        5.21213214792664,
        4.909669503700807,
        4.7199303371251276,
        4.454014988545468,
        4.2114133277321955,
        3.98082874088483,
        3.8168967012856276,
        3.6601786489112054,
        3.4488687216236493,
        3.381452993476122,
        3.263646540076566
    ],
    "train_mae": [
        23.23654489577571,
        9.965823018852669,
        7.528117040290108,
        6.2109670386284215,
        5.483522375550451,
        5.0336463987072815,
        4.707722712921191,
        4.446547166078905,
        4.185598470364945,
        3.958317776646795,
        3.72663677229157,
        3.6098021332976185,
        3.396712816968749,
        3.2209290422593493,
        3.036197697437262,
        2.9069111562227903,
        2.789865439639816,
        2.63726353588738,
        2.5662053268921525,
        2.475501270045208
    ],
    "train_ndcg": [
        0.8705413748474815,
        0.9820866142458553,
        0.9893646090279652,
        0.993068425055546,
        0.9943591235559198,
        0.995412773252288,
        0.9958077484293829,
        0.9964935148629961,
        0.9967850607029999,
        0.9972585009623177,
        0.9974314333705963,
        0.9975759675608405,
        0.9978548384542707,
        0.9979887845206864,
        0.9983101436231709,
        0.9985514830184888,
        0.998682281261758,
        0.9987842735799053,
        0.9989815183644053,
        0.9989825742720049
    ],
    "val_loss": [
        242.48699736259354,
        110.35868351896045,
        104.70559149728695,
        81.94685237508425,
        59.759863571381906,
        63.3234116460236,
        51.44393080053195,
        47.11555201570753,
        44.119545775400084,
        50.042676992819345,
        38.21174539646632,
        36.11512255332839,
        33.29190435543866,
        36.34482394473653,
        34.90276159367091,
        36.881933789857676,
        30.79913027857391,
        29.94282915222813,
        26.5078580345906,
        28.964485262481258
    ],
    "val_rmse": [
        15.222749438304598,
        10.259006386057093,
        9.975184629147016,
        8.64159275856882,
        7.390977598876305,
        7.406066388447391,
        6.88580765737273,
        6.4700765907057844,
        6.344710511920356,
        6.7324958332755,
        5.816017498074644,
        5.647238446646834,
        5.485007851809264,
        5.67274044556089,
        5.584264915042236,
        5.748266146448996,
        5.254208615862825,
        5.175323364620961,
        4.899611512774226,
        5.034349147356589
    ],
    "val_mae": [
        10.016210032181002,
        7.133039588659582,
        6.888899380052593,
        5.7716174830853095,
        5.325613498687744,
        5.063329330632384,
        4.936540596921679,
        4.571258101664799,
        4.56014216114098,
        4.771088475912389,
        4.026445123511301,
        4.005806899406541,
        3.9677629907366256,
        4.055088516692041,
        4.026658931248624,
        4.182556256442003,
        3.76256963568674,
        3.6913866660964323,
        3.554204907215817,
        3.5717549458355973
    ],
    "val_ndcg": [
        0.981707148988482,
        0.9877026433676062,
        0.9903137557943102,
        0.9918068135288399,
        0.9937682865371167,
        0.9937528178725444,
        0.993917101705578,
        0.9942726148685939,
        0.9948195336570202,
        0.9943590919736406,
        0.9952160749636906,
        0.9956254682070772,
        0.995776547512538,
        0.9952850341796875,
        0.9950294519813967,
        0.9960594983168052,
        0.9959340909836998,
        0.9961577998080724,
        0.9958094618689846,
        0.9958491266613275
    ],
    "lr": [
        0.001,
        0.001,
        0.001,
        0.001,
        0.001,
        0.001,
        0.001,
        0.001,
        0.001,
        0.001,
        0.001,
        0.001,
        0.001,
        0.001,
        0.001,
        0.001,
        0.001,
        0.001,
        0.001,
        0.001
    ]
}