{
    "train_loss": [
        27.87820368424011,
        0.8559115440289997,
        0.5168477836848956,
        0.421229469199382,
        0.33146533420268165,
        0.31913505295583317,
        0.27628301501810504,
        0.1922393307175275,
        0.22288809188706446,
        0.2036261794325318,
        0.17079091021242918,
        0.13815377909827187,
        0.1524550925849648,
        0.1501235003079158,
        0.1421720849812809,
        0.1081244022875753,
        0.09324924281689256,
        0.1108920008247671,
        0.09771170746442961,
        0.09051197385297546,
        0.08150478607652226,
        0.0860889327385952,
        0.05988402931827203,
        0.049674075748550386,
        0.05377031577186647,
        0.04540467359397495,
        0.04073900714773785,
        0.03540054572981199,
        0.033688442806066365,
        0.025686628671688663
    ],
    "train_rmse": [
        3.6065338792777895,
        0.7172188698897799,
        0.5629538247819917,
        0.4971097810866635,
        0.4503646820492115,
        0.4126986173330652,
        0.3966659381984858,
        0.3457994023430261,
        0.3494550960797524,
        0.33324397309356185,
        0.3095208795818895,
        0.2862384810888418,
        0.2971145911978121,
        0.294086353497263,
        0.2809138228068532,
        0.2536127242472163,
        0.24007327436595324,
        0.2581924051221915,
        0.231609092571742,
        0.23556566189850986,
        0.21719404996320857,
        0.22204710487363657,
        0.18534403303185937,
        0.17526732037716256,
        0.16678127027175485,
        0.16144292278880193,
        0.15759382268230296,
        0.151095087343919,
        0.1478537986232017,
        0.13138720508414045
    ],
    "train_mae": [
        2.485820442273081,
        0.39211485435879684,
        0.2973032114626486,
        0.26411598030760697,
        0.23414922938269528,
        0.21794895377434506,
        0.20361037203405477,
        0.18592927409218082,
        0.1848273886002223,
        0.1786883569593671,
        0.1653798102177208,
        0.1611096473599348,
        0.1563368417393369,
        0.1569892016263042,
        0.15296285591217912,
        0.1440688233728273,
        0.13509617341517272,
        0.14298199075922557,
        0.1298971869982779,
        0.1322182358855594,
        0.12218869595988831,
        0.12325722614562587,
        0.10556309332752813,
        0.10367214477538497,
        0.09859485125546402,
        0.09540063718958652,
        0.091572887579545,
        0.08790545361234417,
        0.08544569545354741,
        0.0796616122427196
    ],
    "train_ndcg": [
        0.7553261820231697,
        0.980978106254641,
        0.9915008039414128,
        0.9941110056412371,
        0.9949865918370742,
        0.9959262692475621,
        0.996802295404899,
        0.9977287187983718,
        0.9980168807544286,
        0.9981021317122858,
        0.9982030255885064,
        0.9981919676065445,
        0.9981716039437282,
        0.9983992185207862,
        0.9986318444149404,
        0.9986614803724652,
        0.9986458724435372,
        0.9988089872500564,
        0.9986771755392039,
        0.9989267108561117,
        0.9989624058332625,
        0.9990676654667794,
        0.9993524018533623,
        0.9992948143353945,
        0.9993984651150583,
        0.9994121940830086,
        0.9994110327355469,
        0.9993546765439117,
        0.9993868231584754,
        0.9994757758288444
    ],
    "val_loss": [
        2.6038931080887857,
        0.42139411665184395,
        0.5583879465342197,
        0.5912148774745809,
        0.1528182963211037,
        0.0660524533038408,
        0.06361346382936331,
        0.2829914318502579,
        0.08077898435294628,
        0.1952337881510841,
        0.021767998960288897,
        0.08877882309926963,
        0.10638422484863812,
        0.09464026343497173,
        0.17117542348487277,
        0.01830679320559745,
        0.23323201920351827,
        0.019560120029138848,
        0.35590659407898784,
        0.02099220870836625,
        0.044291495658706506,
        0.07464934456404823,
        0.012729868114906244,
        0.03145649619269329,
        0.050918724355091094,
        0.03800152110109683,
        0.017424330367824772,
        0.021061579725528006,
        0.022086826497426545,
        0.09187827698728988
    ],
    "val_rmse": [
        1.227388935805597,
        0.5224974024123069,
        0.6048934326354144,
        0.6049047626572546,
        0.3302447454209666,
        0.23142119054455396,
        0.2183617163470732,
        0.4530892844997041,
        0.24832345713733542,
        0.3671097701498112,
        0.12747864468838,
        0.2430218135282559,
        0.30256272023257963,
        0.2506676406163341,
        0.3361681103043667,
        0.12415225520053427,
        0.40363619780248056,
        0.1291709818860191,
        0.4182344907318643,
        0.12986300297695713,
        0.1892241361203728,
        0.21875232263482927,
        0.10009871166199444,
        0.15774307681073538,
        0.18965065946268103,
        0.16470045194214208,
        0.1186338556556314,
        0.126187734792172,
        0.1361035455701023,
        0.24475607175453948
    ],
    "val_mae": [
        0.48379497796716825,
        0.23567856250094696,
        0.23373650455139053,
        0.23686996742453373,
        0.14755814968490263,
        0.11753897017366449,
        0.10286616764857735,
        0.19093803421292507,
        0.11378036680775629,
        0.1527806678918046,
        0.06928311026012393,
        0.0994793389412299,
        0.13523404830148522,
        0.10427081506227104,
        0.1191780242386838,
        0.0704273562091337,
        0.14606773890030217,
        0.07778757238681887,
        0.12943885727247723,
        0.06381919528816787,
        0.08109805966451974,
        0.08783078723600213,
        0.05034292317454664,
        0.07293910756182502,
        0.07728687141248038,
        0.06920250056600066,
        0.05822602801129852,
        0.054009364550592194,
        0.06341128547111867,
        0.09263877749023303
    ],
    "val_ndcg": [
        0.9763069874803785,
        0.9905599171007183,
        0.9956201222580923,
        0.9944330084491784,
        0.9976292898957159,
        0.9979534023244616,
        0.9982731333920654,
        0.99887366362021,
        0.9985417631310476,
        0.9982523078649816,
        0.9987894985037791,
        0.9986976905607842,
        0.9984535944293922,
        0.9988085778666215,
        0.9989596126784741,
        0.999552890448503,
        0.9992313611675316,
        0.9991534839213734,
        0.9993672387700685,
        0.9993135954292727,
        0.9997000123413515,
        0.9991327692085589,
        0.9997313878905605,
        0.9998314808791792,
        0.9997146868369948,
        0.999613323681791,
        0.9994647427343987,
        0.9998794181246153,
        0.9998371995670695,
        0.999895690192639
    ],
    "lr": [
        0.001,
        0.001,
        0.001,
        0.001,
        0.001,
        0.001,
        0.001,
        0.001,
        0.001,
        0.001,
        0.001,
        0.001,
        0.001,
        0.001,
        0.001,
        0.001,
        0.001,
        0.001,
        0.001,
        0.001,
        0.001,
        0.0005,
        0.0005,
        0.0005,
        0.0005,
        0.0005,
        0.0005,
        0.0005,
        0.00025,
        0.00025
    ]
}