{
    "train_loss": [
        708.7588270606168,
        139.50534394002833,
        82.98358038987038
    ],
    "train_rmse": [
        22.59779747561388,
        11.176489555601554,
        8.697972652057679
    ],
    "train_mae": [
        13.196172184335197,
        7.327349235799617,
        6.132100355634056
    ],
    "train_ndcg": [
        0.8080398012314317,
        0.9220486682206058,
        0.9360437055436241
    ],
    "val_loss": [
        197.61655163978463,
        303.1115029377724,
        22026.20748399478
    ],
    "val_rmse": [
        11.657678826490976,
        12.478757496424127,
        24.836089591923344
    ],
    "val_mae": [
        8.13221596319284,
        8.230719419735582,
        9.140081856144008
    ],
    "val_ndcg": [
        0.40572969077238397,
        0.41284846868088,
        0.4134419878916954
    ],
    "lr": [
        0.001,
        0.001,
        0.001
    ]
}