{
    "train_loss": [
        35.48313679539044,
        0.3329015611376189,
        0.2187574881724306,
        0.18027265684950294,
        0.1406513607848577,
        0.1254000432385556,
        0.11406336508874039,
        0.10675579064991325,
        0.09156012369313903,
        0.07837757181090338,
        0.07272699182923836,
        0.06715140057598017,
        0.062056878547750036,
        0.05528454597276058,
        0.041029059951476564,
        0.0335420139783793,
        0.036650182961492174,
        0.029730955377159217,
        0.028419958240399727,
        0.02979619682197683
    ],
    "train_rmse": [
        3.566621652047163,
        0.530789752552005,
        0.42882655275830606,
        0.39050047079668965,
        0.3451002656171299,
        0.3198269751787553,
        0.3001346394637745,
        0.2921615258101418,
        0.2725297490255808,
        0.2540439729435462,
        0.246652456054755,
        0.23201455367153614,
        0.22159482499638555,
        0.2105041584167228,
        0.17940080854646312,
        0.16423403010169302,
        0.16818002084247397,
        0.156031105634702,
        0.15166975253445347,
        0.15514037664907793
    ],
    "train_mae": [
        2.474846361275715,
        0.35925816277725786,
        0.2973010249176546,
        0.2712645805028232,
        0.23956697093487916,
        0.22156769500550214,
        0.20947162143273068,
        0.20169177190459606,
        0.18987821878370229,
        0.17740302610717998,
        0.16870605046094594,
        0.15788957317465846,
        0.15054547920516587,
        0.14159253656369034,
        0.12221413583765868,
        0.11224046216310957,
        0.1128907774315699,
        0.10629052081133557,
        0.10315093468827537,
        0.10465153291986524
    ],
    "train_ndcg": [
        0.7558364655765044,
        0.9866188587267187,
        0.9924304947445665,
        0.9944303837380831,
        0.9945827830064146,
        0.9955582045301606,
        0.9960351542015619,
        0.9960824549198151,
        0.9969269312635253,
        0.9973954099077212,
        0.9975902201442779,
        0.9975214942912513,
        0.9980273539129692,
        0.9979620438210571,
        0.9985541199581532,
        0.9987976839648017,
        0.9990266956671884,
        0.9990728838911539,
        0.99896576755409,
        0.9988336536703231
    ],
    "val_loss": [
        0.1295502951342455,
        0.2112117204028116,
        0.06708751296178556,
        0.07748625563903594,
        0.026657289018670857,
        0.03803096673595653,
        0.11389587175520793,
        0.019189091058264315,
        9.442593926262163,
        0.06281777142389665,
        0.04309269220200958,
        0.028098553369923587,
        0.028143494626061177,
        0.029877805413389708,
        0.06912251699610915,
        0.017713357130406608,
        0.023466069523481205,
        0.040607516850594064,
        0.01309489512907892,
        0.05713046110615554
    ],
    "val_rmse": [
        0.3452739258859094,
        0.38631782291620353,
        0.2544532690529006,
        0.26332937789789096,
        0.15258707677027508,
        0.180040440315543,
        0.317377862802537,
        0.1345261631668834,
        0.6976586474660478,
        0.23486453598215457,
        0.19250496017195456,
        0.15698165336840292,
        0.159735350016474,
        0.16061959243152069,
        0.25054671630297654,
        0.1271297410243889,
        0.14636496537083996,
        0.18951016164216974,
        0.1060548357531114,
        0.2244844007582963
    ],
    "val_mae": [
        0.24210304588499204,
        0.21295641247235553,
        0.17747273296117783,
        0.16516592374569933,
        0.09974751967779348,
        0.11922594799961843,
        0.1758638471364975,
        0.09786017784770105,
        0.21067505287872235,
        0.12701583128999655,
        0.10494426013508314,
        0.09307881859196744,
        0.11108123605519953,
        0.10864213707161621,
        0.1366678663122822,
        0.0756039809907826,
        0.08223065046567313,
        0.10061165155239508,
        0.06615498132059272,
        0.1153957793935084
    ],
    "val_ndcg": [
        0.9898358978016276,
        0.9916317068355184,
        0.9960200240914251,
        0.9962448696015587,
        0.9982525723081239,
        0.9980665319402453,
        0.9982161471541499,
        0.9984719904375748,
        0.9983214626849537,
        0.9979129400051815,
        0.9987074657225273,
        0.9983981830973021,
        0.9983506748374079,
        0.998569496080909,
        0.9996046138481355,
        0.9992532646152336,
        0.9991910919337206,
        0.9996341869864666,
        0.9994951436217402,
        0.9995241685652397
    ],
    "lr": [
        0.001,
        0.001,
        0.001,
        0.001,
        0.001,
        0.001,
        0.001,
        0.001,
        0.001,
        0.001,
        0.001,
        0.001,
        0.001,
        0.0005,
        0.0005,
        0.0005,
        0.0005,
        0.0005,
        0.0005,
        0.0005
    ]
}