{
    "train_loss": [
        25676016.067407694
    ],
    "train_rmse": [
        4950.665411091319
    ],
    "train_mae": [
        2720.576870735954
    ],
    "train_ndcg": [
        0.4126699462295601
    ],
    "val_loss": [
        10160439.235297585
    ],
    "val_rmse": [
        3073.470604092467
    ],
    "val_mae": [
        1262.1153097713695
    ],
    "val_ndcg": [
        0.425377493249435
    ],
    "lr": [
        0.0001
    ]
}