{
    "train_loss": [
        7969856.462423036,
        22690.830860571543,
        1377.8445824096839,
        652.5417010266106,
        570.253826312436,
        557.1028208624364,
        554.2776735394183
    ],
    "train_rmse": [
        1817.3909112051422,
        48.70880011249991,
        23.069278367594176,
        19.926834035153483,
        19.238476164200726,
        18.857229635995978,
        18.595627037917865
    ],
    "train_mae": [
        902.7974922353146,
        18.565714272798278,
        10.983269955597672,
        9.412198001847548,
        9.02991556303174,
        8.67231510608804,
        8.387536715058719
    ],
    "train_ndcg": [
        0.41901655973610924,
        0.4294268033631584,
        0.44171197296065445,
        0.4499229031669743,
        0.4556774922153529,
        0.46511489021427493,
        0.48878699111953083
    ],
    "val_loss": [
        1164.1148924504466,
        97108.35918018315,
        97360.30530591904,
        577.2126240865555,
        368443.0374978119,
        701.6186962784997,
        1125625.6005999662
    ],
    "val_rmse": [
        24.494223730236875,
        87.54423875434726,
        77.69730073330449,
        19.2057301530651,
        230.6353322758394,
        19.985777172387817,
        631.8930763169831
    ],
    "val_mae": [
        11.190984824124504,
        21.205274474387075,
        19.58892474454992,
        8.771155696289211,
        46.9661929139904,
        8.512831725326238,
        132.72289508931777
    ],
    "val_ndcg": [
        0.4629769029424471,
        0.4534309930076786,
        0.43891320684376883,
        0.4323490870495637,
        0.43783776754257725,
        0.4440969445687883,
        0.5183254389786253
    ],
    "lr": [
        0.001,
        0.001,
        0.001,
        0.001,
        0.001,
        0.001,
        0.001
    ]
}