{
    "train_loss": [
        8837299.031937635,
        307215.24939683476,
        136759.28939314684,
        122201.77035125611,
        45215.62193767391,
        19894.924784273484,
        655.295045105592
    ],
    "train_rmse": [
        2161.2753353539633,
        250.6256086686078,
        138.04361121561013,
        118.8156950765965,
        58.5775168187478,
        36.54062674384491,
        20.063616625234193
    ],
    "train_mae": [
        1014.9156838000989,
        63.06670950674543,
        35.78157105048498,
        29.12163684648626,
        16.828630526860554,
        12.265431630845164,
        8.870732947891833
    ],
    "train_ndcg": [
        0.4244708044490978,
        0.4280790402188751,
        0.4236255068989361,
        0.41879469919584544,
        0.428047508202201,
        0.4230280724883664,
        0.45442067729491814
    ],
    "val_loss": [
        280108.40747897804,
        734412.4898429817,
        708.2513693616486,
        617.4601006325873,
        622.6807769996801,
        659.4168717977155,
        670.7972718529311
    ],
    "val_rmse": [
        211.6551126311807,
        525.5058971947315,
        21.848408792533128,
        20.105531063734315,
        20.364751168325835,
        20.674268890829648,
        20.88916349177267
    ],
    "val_mae": [
        51.70751753975363,
        126.05118877747479,
        9.797875544604134,
        8.523847579956055,
        8.825087736634647,
        8.64898086529152,
        8.630933899505466
    ],
    "val_ndcg": [
        0.4278479010304984,
        0.44414131686675784,
        0.4068540276265612,
        0.4359611069747046,
        0.45439638095159157,
        0.45473885989072277,
        0.483117738409954
    ],
    "lr": [
        0.001,
        0.001,
        0.001,
        0.001,
        0.001,
        0.001,
        0.001
    ]
}