{
    "train_loss": [
        24454389.75096699
    ],
    "train_rmse": [
        4861.536339554133
    ],
    "train_mae": [
        2608.4688303330367
    ],
    "train_ndcg": [
        0.39896917129483295
    ],
    "val_loss": [
        2983340.2755391262
    ],
    "val_rmse": [
        1443.1589526943133
    ],
    "val_mae": [
        389.79988488964005
    ],
    "val_ndcg": [
        0.4102321765294262
    ],
    "lr": [
        0.0001
    ]
}