{
    "train_loss": [
        707.4203591421525,
        151.07523157776427,
        84.22673951021498,
        58.70951760002176,
        48.33882554846971
    ],
    "train_rmse": [
        22.78345383665935,
        11.619997248790062,
        8.761896087930726,
        7.343267081961219,
        6.71071821741142
    ],
    "train_mae": [
        13.44424786720817,
        7.635795480551517,
        6.188227196430608,
        5.423829537705755,
        5.011434268203576
    ],
    "train_ndcg": [
        0.8127191672971037,
        0.9208593445206151,
        0.937281206661948,
        0.948826389427591,
        0.9551151390392625
    ],
    "val_loss": [
        227.13909398833317,
        91.5767605084092,
        91.0302365459613,
        103.32767609553551,
        141.4468235556759
    ],
    "val_rmse": [
        12.660615976782926,
        8.360802165435022,
        8.298719194047607,
        7.70032410250077,
        8.050560559871839
    ],
    "val_mae": [
        8.709459909752233,
        6.094283602130947,
        5.971917348121529,
        5.656715124044846,
        5.366701940991986
    ],
    "val_ndcg": [
        0.382423224377988,
        0.3980416394881348,
        0.3991476348976591,
        0.4011840544529815,
        0.40102315963204227
    ],
    "lr": [
        0.001,
        0.001,
        0.001,
        0.001,
        0.001
    ]
}