{
    "train_loss": [
        758.4061784637429,
        137.11025542301238,
        80.9494658641801,
        59.483063643685554,
        49.201812336745775,
        40.73386340750252,
        34.74373262902531,
        30.69085391481213
    ],
    "train_rmse": [
        23.57242905650043,
        11.137397981594578,
        8.628011266066808,
        7.451798988249531,
        6.79454040519388,
        6.216682339314853,
        5.737876600213858,
        5.385161063570677
    ],
    "train_mae": [
        14.152986165745387,
        7.361556921368486,
        6.1052181311202105,
        5.470090973279296,
        5.060453226354427,
        4.641178916691843,
        4.248382784520805,
        3.9134408366421964
    ],
    "train_ndcg": [
        0.8045291208138354,
        0.9180132217755328,
        0.9366651822891451,
        0.9444075318371921,
        0.952008526257564,
        0.9566528540079589,
        0.9642133633700033,
        0.9694890109036198
    ],
    "val_loss": [
        189.73780101092893,
        286.2062330971903,
        126.24478304848742,
        72.37630074344465,
        105.93298020718703,
        68.99501527672383,
        235.99726799495184,
        69.57223493946132
    ],
    "val_rmse": [
        11.799949766308039,
        10.26184375780677,
        9.418285897049083,
        7.429664151607237,
        7.811284724731222,
        7.234610161155094,
        8.919537257856366,
        7.214588789872004
    ],
    "val_mae": [
        8.358986478065377,
        6.893342978918731,
        6.652122153097125,
        5.5424893528667845,
        5.450220261758833,
        5.348870352132996,
        5.688709040542147,
        5.1441824585644165
    ],
    "val_ndcg": [
        0.40621905558144866,
        0.4162389481245582,
        0.4175362001604109,
        0.4189709800392834,
        0.41809268602684363,
        0.4199563908932814,
        0.41620578160926475,
        0.42006791385252085
    ],
    "lr": [
        0.001,
        0.001,
        0.001,
        0.001,
        0.001,
        0.001,
        0.001,
        0.001
    ]
}