{
    "train_loss": [
        8729612.493767109,
        65469.4491799717,
        9878.816000847264,
        1036.4841464045544,
        631.4266813653699,
        574.5729550376823,
        574.7421299738696,
        569.5092930178756,
        563.8938636413571,
        563.6501359528077,
        563.0670783512652,
        552.2010299575028,
        673.5702327520115,
        541.6416892064225
    ],
    "train_rmse": [
        2102.0014263718735,
        94.77883239587148,
        35.18269892416748,
        23.23053190287422,
        20.366260342153847,
        19.309654273238838,
        19.314357204764498,
        18.87856001363081,
        18.96894674032342,
        18.849541654189427,
        18.554716336376526,
        18.566220234422122,
        18.915970480325175,
        18.466595217293385
    ],
    "train_mae": [
        1005.2835385705911,
        32.09881221079359,
        15.268773180596968,
        11.305823457007314,
        9.772808011256013,
        9.047392972544127,
        8.831561536765566,
        8.571772760620304,
        8.346381063554801,
        8.327622222549776,
        8.211611008527232,
        8.157912593846227,
        8.131721828498092,
        8.085375422356176
    ],
    "train_ndcg": [
        0.4201000655690829,
        0.4219410808610858,
        0.4368372570869385,
        0.43172944930619467,
        0.44356668729554205,
        0.4433364018103948,
        0.4370937973406969,
        0.46150591564090815,
        0.4470265820330265,
        0.4692740022186555,
        0.46895749189470914,
        0.488851431538077,
        0.5109279461789364,
        0.5422003364701774
    ],
    "val_loss": [
        103885.99943014234,
        157567.3666473252,
        120532.79929532431,
        52682.01123802497,
        2550.647430952078,
        10072.146964745447,
        581.03178410006,
        547.6333369071465,
        557.5696296801245,
        546.8754935281576,
        526.0371832152429,
        535.7197870074564,
        582.1068891008084,
        612.3371801417769
    ],
    "val_rmse": [
        123.03132528417251,
        130.95926326396417,
        98.48821443669937,
        64.94277324396022,
        26.062927489187203,
        34.37174679251278,
        19.25184722507701,
        18.48245332521551,
        18.891935297087127,
        18.592168027279424,
        18.18154815131543,
        18.222227938034955,
        19.220648466372023,
        18.8984228255702
    ],
    "val_mae": [
        38.49526621313656,
        30.262268000958013,
        26.811959682726393,
        18.083732202941295,
        9.646400439972972,
        12.387752121570063,
        8.440816500607658,
        7.814458185551214,
        8.237165504810857,
        8.112796175713633,
        7.8996108513252405,
        7.64710850575391,
        8.302578119670644,
        7.935494100346284
    ],
    "val_ndcg": [
        0.4391436373778418,
        0.46406741206552465,
        0.428065019495347,
        0.4523218258777085,
        0.4471725958819483,
        0.4322124902232021,
        0.46359532596726044,
        0.46160488225081386,
        0.4837224527316935,
        0.47048233471372547,
        0.4702615913953267,
        0.5087635089077202,
        0.45704711323567465,
        0.5302132606214168
    ],
    "lr": [
        0.001,
        0.001,
        0.001,
        0.001,
        0.001,
        0.001,
        0.001,
        0.001,
        0.001,
        0.001,
        0.001,
        0.001,
        0.001,
        0.001
    ]
}