{
    "train_loss": [
        9313019.247662192,
        383079.03885215387,
        143280.69674401105,
        62695.76188718208,
        24450.869346862415
    ],
    "train_rmse": [
        2315.320121103642,
        296.4715567149368,
        146.24020921950247,
        85.97796425048043,
        44.43145596513561
    ],
    "train_mae": [
        1065.2163589187696,
        77.75983074015262,
        37.24101704008439,
        24.00026151830075,
        14.81731748288753
    ],
    "train_ndcg": [
        0.4182504235273775,
        0.41952762676074223,
        0.42050875129872095,
        0.4235651871992969,
        0.4385012827777103
    ],
    "val_loss": [
        857575.3345042435,
        395.5850251061428,
        31297.789267802957,
        122808.24227340934,
        1245109.5799948925
    ],
    "val_rmse": [
        586.2808207717596,
        17.048543705659753,
        38.76818798102585,
        102.18258957301869,
        654.922085944344
    ],
    "val_mae": [
        162.86428002750174,
        9.809992612576952,
        13.059193987472385,
        24.48448182554806,
        142.18759921485304
    ],
    "val_ndcg": [
        0.4470902574705143,
        0.4544976283522213,
        0.428306950219706,
        0.43657045957504537,
        0.4448242034836143
    ],
    "lr": [
        0.001,
        0.001,
        0.001,
        0.001,
        0.001
    ]
}