{
    "train_loss": [
        30349504.936611254,
        22582432.983957645,
        13589771.920536702,
        6426617.415261568,
        2347725.5901256166,
        825522.5949656813,
        365381.00958618044,
        130091.2744900444,
        31100.777272768697,
        14260.85071937256,
        11265.251123223827,
        3313.324352489491,
        3504.368246841602,
        1001.0185460246811,
        2962.91088893444,
        8294.30225697635
    ],
    "train_rmse": [
        5454.2151632869945,
        4674.952311197917,
        3557.011988546334,
        2336.428029607324,
        1264.6999383533703,
        617.7552786808388,
        350.40136266222186,
        185.6972454879798,
        98.01616643223107,
        67.12565843965493,
        48.63512038015852,
        36.75356156218286,
        32.54634424635008,
        27.359541900017682,
        28.91365214656381,
        27.00190186617421
    ],
    "train_mae": [
        3179.171116548426,
        2445.261111240761,
        1560.8212923162123,
        822.6151974247952,
        362.2034038562401,
        171.2351114422667,
        97.21864587185429,
        57.197984580900155,
        35.9287366586573,
        26.950572611070147,
        21.559963719517576,
        17.5915775976929,
        15.780228185887431,
        13.999095028521968,
        13.72038652382645,
        12.76810050127553
    ],
    "train_ndcg": [
        0.42637085525647683,
        0.429057301716039,
        0.4114551727714784,
        0.4229510315127817,
        0.42588223453026774,
        0.4397088327609441,
        0.4321073123308666,
        0.4260473217376891,
        0.42669131585816833,
        0.43748739323414426,
        0.4323773488822375,
        0.4428039878497229,
        0.44504372443200324,
        0.43520201726213975,
        0.4409149000055942,
        0.4485319307913967
    ],
    "val_loss": [
        17146478.133965112,
        6445166.195181591,
        1613454.2629374887,
        266226.01496280194,
        72691.36923745216,
        42292.93397727176,
        52713.23391334558,
        7436.598042763263,
        1996.7258501896354,
        43014.682298050015,
        894.6592479423856,
        996.4433996420679,
        601.4029212312298,
        579.2534437635633,
        591.7348007246574,
        619.6232643015898
    ],
    "val_rmse": [
        4060.8075537588084,
        2351.3654088039025,
        925.0454109042298,
        234.42019194247675,
        96.94676172967051,
        58.03354497984344,
        67.08975754532159,
        36.675033756330905,
        26.87462347161536,
        60.08253561749178,
        21.69672210076276,
        21.501115555856742,
        19.805989882525274,
        19.40333105536068,
        19.737588494431737,
        20.187054059084723
    ],
    "val_mae": [
        1941.2926157035079,
        803.3255479102041,
        223.88135990442015,
        57.71504181506587,
        30.014857086480834,
        19.25340048939574,
        20.169398686465094,
        13.986603853749294,
        11.11191227389317,
        17.975845715578863,
        9.586987357513577,
        9.584226388557285,
        8.776513574170131,
        8.604611443538293,
        8.800250873846167,
        8.512172584440194
    ],
    "val_ndcg": [
        0.41641899176380215,
        0.40136265272603316,
        0.4427980113701493,
        0.4107083785621559,
        0.43428104100566284,
        0.4381072456199749,
        0.4409004876426622,
        0.4330013496618645,
        0.4254925530769077,
        0.42079153225994576,
        0.4601674899458885,
        0.43994495740123823,
        0.4299803371815121,
        0.45102065071171404,
        0.4535359150054408,
        0.4460965538141774
    ],
    "lr": [
        0.0001,
        0.0001,
        0.0001,
        0.0001,
        0.0001,
        0.0001,
        0.0001,
        0.0001,
        0.0001,
        0.0001,
        0.0001,
        0.0001,
        0.0001,
        0.0001,
        0.0001,
        0.0001
    ]
}