{
    "train_loss": [
        689.130595629566,
        139.49130275660792,
        82.53027272099786,
        60.22444664176673,
        50.379440995630176,
        42.41448741710569,
        36.70890317166181
    ],
    "train_rmse": [
        22.529214308817576,
        11.162050345223506,
        8.675669285514939,
        7.473763672041848,
        6.840862442093647,
        6.306910312057891,
        5.871452503349609
    ],
    "train_mae": [
        13.660037974086245,
        7.3614010939053225,
        6.076423147171624,
        5.479654790217348,
        5.098374373704484,
        4.721167455777203,
        4.359718320795277
    ],
    "train_ndcg": [
        0.821469237809532,
        0.914775796006472,
        0.9375224679964438,
        0.9421565018210329,
        0.9514495860381835,
        0.9552468639409658,
        0.9622232119613303
    ],
    "val_loss": [
        302.85772431074685,
        119.77353070671879,
        94.39702252914657,
        100.23079925366302,
        82.13415300597006,
        71375.0667290958,
        93.56792839107229
    ],
    "val_rmse": [
        12.913320689057414,
        9.302131288708653,
        8.38776286912344,
        8.434350762213942,
        7.6944850235179265,
        40.04222182097298,
        7.749602583232453
    ],
    "val_mae": [
        9.01379484632122,
        6.6825726544679105,
        6.144122189194409,
        6.115410737137296,
        5.60187832419552,
        11.110870180557024,
        5.484042556250273
    ],
    "val_ndcg": [
        0.4018256061112703,
        0.4135967048246469,
        0.414845283707576,
        0.41577828304091496,
        0.4157964475119292,
        0.41434744721028344,
        0.4170750034389211
    ],
    "lr": [
        0.001,
        0.001,
        0.001,
        0.001,
        0.001,
        0.001,
        0.001
    ]
}