{
    "train_loss": [
        29018857.03582732
    ],
    "train_rmse": [
        5319.254725437539
    ],
    "train_mae": [
        3065.150198094985
    ],
    "train_ndcg": [
        0.40446830588374655
    ],
    "val_loss": [
        7090873.509804241
    ],
    "val_rmse": [
        2492.8989945953967
    ],
    "val_mae": [
        845.0223813524433
    ],
    "val_ndcg": [
        0.44740037678503525
    ],
    "lr": [
        0.0001
    ]
}