{
    "train_loss": [
        735.3264224940579,
        151.60405352153023,
        89.78745444698775
    ],
    "train_rmse": [
        23.047277585501725,
        11.651142931361225,
        9.012670799733398
    ],
    "train_mae": [
        13.923379173734634,
        7.57802535029291,
        6.274760499474182
    ],
    "train_ndcg": [
        0.8126091989344285,
        0.9122520486161368,
        0.9342558337535495
    ],
    "val_loss": [
        11324.795474004033,
        504789.3357626616,
        60333.76644566095
    ],
    "val_rmse": [
        24.241182599915337,
        77.56569549417645,
        27.3166621065554
    ],
    "val_mae": [
        10.046802049608372,
        22.964381659920537,
        9.750387768247235
    ],
    "val_ndcg": [
        0.40520864476018875,
        0.41310783446724736,
        0.4158413812295714
    ],
    "lr": [
        0.001,
        0.001,
        0.001
    ]
}