{
    "train_loss": [
        706.1501856911441,
        150.0209044242101,
        93.26934436045983,
        66.58243293705229,
        52.78873946437024
    ],
    "train_rmse": [
        22.742331773402856,
        11.593090749960119,
        9.1742233265277,
        7.833683624535842,
        7.002090583278092
    ],
    "train_mae": [
        13.92051528264018,
        7.580886709057991,
        6.367765482011529,
        5.651792570581358,
        5.200385647981001
    ],
    "train_ndcg": [
        0.8259828706258732,
        0.9194074850571164,
        0.9307861506460405,
        0.9451329650230778,
        0.950495823806039
    ],
    "val_loss": [
        199.9756853018234,
        108.31689842565736,
        104.55042081519738,
        454.4157250176615,
        158.27391404393893
    ],
    "val_rmse": [
        11.958828108102482,
        9.175513001016052,
        8.811094427391513,
        11.152531142646662,
        7.860803741906465
    ],
    "val_mae": [
        8.282042282019088,
        6.592146900518617,
        6.61991348408941,
        6.43403929240668,
        5.457390156076915
    ],
    "val_ndcg": [
        0.3878060644242301,
        0.3948961508807851,
        0.39723423052189955,
        0.3939070789671656,
        0.40096141331231416
    ],
    "lr": [
        0.001,
        0.001,
        0.001,
        0.001,
        0.001
    ]
}