{
    "train_loss": [
        692.2268594424168,
        155.58579151731894,
        91.02494073715381,
        62.284806612625864,
        47.696007902716595,
        38.79570380175977,
        32.10595765445017
    ],
    "train_rmse": [
        22.40536726075939,
        11.802893998549271,
        9.076339798846956,
        7.597033458710151,
        6.689866192745471,
        6.0580873553579595,
        5.513845330073774
    ],
    "train_mae": [
        13.051485515691345,
        7.651320030299294,
        6.286715831749469,
        5.468741066692657,
        4.908279659856692,
        4.434657849154426,
        3.9721677486713114
    ],
    "train_ndcg": [
        0.8087768409661309,
        0.9128060766827535,
        0.93383413372955,
        0.947167278855171,
        0.9551643581645003,
        0.9637041410196174,
        0.9702560895854987
    ],
    "val_loss": [
        651.0634523192448,
        133.79051945529767,
        106.96319920696429,
        85.06644299350567,
        64.02761468175632,
        73.5220956830836,
        78.7099423735889
    ],
    "val_rmse": [
        13.131415164476463,
        10.055183463157267,
        8.756330566095277,
        8.131971300432767,
        7.268484960466997,
        7.782613046313818,
        8.050298634841678
    ],
    "val_mae": [
        8.55465096430992,
        7.276789544233635,
        6.283327481995768,
        5.751810121536255,
        5.33152237080816,
        5.470134524445036,
        5.669236395252285
    ],
    "val_ndcg": [
        0.4010162910418724,
        0.4096747400155708,
        0.41334134856266763,
        0.4137950132142252,
        0.4159794373298759,
        0.41582945051477915,
        0.4164658988589671
    ],
    "lr": [
        0.001,
        0.001,
        0.001,
        0.001,
        0.001,
        0.001,
        0.001
    ]
}