{
    "train_loss": [
        732.8318314612847,
        141.73860721431444,
        84.18782035622515,
        63.14002042105164,
        50.55775786621344,
        44.19075770018437,
        37.73816345875792,
        34.06126776375461
    ],
    "train_rmse": [
        22.99165184330979,
        11.323542329528655,
        8.814999768566919,
        7.657488695076422,
        6.889741401117676,
        6.445235970464815,
        5.984314805835451,
        5.662435650372836
    ],
    "train_mae": [
        13.584246410372723,
        7.424672826534781,
        6.1922993643948,
        5.566740326422021,
        5.093327478475763,
        4.778021319042488,
        4.4446718904667595,
        4.133069074536723
    ],
    "train_ndcg": [
        0.8110227949946529,
        0.9211597838804204,
        0.937679745028765,
        0.9412411521505384,
        0.9503305667344984,
        0.9545676151792712,
        0.9600524606546241,
        0.967420418263372
    ],
    "val_loss": [
        160.6261031933685,
        128.34096046846304,
        85.32431740974313,
        80.64392247128842,
        67.0554843091253,
        66.06501499147558,
        1049.1388928541496,
        69.18329388205684
    ],
    "val_rmse": [
        10.805885756804322,
        9.089829880151473,
        8.07756226301517,
        7.707812207446884,
        6.890123732031058,
        7.136241044110198,
        9.04072006674995,
        7.161699365254218
    ],
    "val_mae": [
        7.704081655616191,
        6.686001412548236,
        5.980107501015734,
        5.5615818735378895,
        5.153203635429269,
        5.337269631428505,
        5.525877652951141,
        5.073120658789108
    ],
    "val_ndcg": [
        0.40463845373979257,
        0.41194865721375196,
        0.41457322889299536,
        0.4161684600274954,
        0.4162150126784595,
        0.4159772846236158,
        0.41703249518551044,
        0.4172478131393888
    ],
    "lr": [
        0.001,
        0.001,
        0.001,
        0.001,
        0.001,
        0.001,
        0.001,
        0.001
    ]
}