{
    "train_loss": [
        705.4933729606213,
        143.3582366077289,
        87.07509436190708
    ],
    "train_rmse": [
        22.677628423018092,
        11.246565147403668,
        8.834686789816661
    ],
    "train_mae": [
        13.178906680755958,
        7.317559792979428,
        6.132409699378038
    ],
    "train_ndcg": [
        0.8198084038292086,
        0.9214924011599269,
        0.9377513008165751
    ],
    "val_loss": [
        265.9422520936425,
        599.164297472541,
        291.8646502679853
    ],
    "val_rmse": [
        12.331354008850623,
        12.480587492036001,
        10.298486040125358
    ],
    "val_mae": [
        8.391498173528642,
        7.766921413478567,
        6.779145785943785
    ],
    "val_ndcg": [
        0.4035540356564878,
        0.3967407426949757,
        0.4065213820827541
    ],
    "lr": [
        0.001,
        0.001,
        0.001
    ]
}