{
    "train_loss": [
        17.839974135632,
        0.3717077037531741,
        0.27244204249162274,
        0.20226187456717504,
        0.15897851241192532
    ],
    "train_rmse": [
        2.513843766362758,
        0.5616386250729694,
        0.4718983753994247,
        0.4053866316095696,
        0.3614962610700034
    ],
    "train_mae": [
        1.8133598699034015,
        0.41028543391936945,
        0.34171164455481723,
        0.2959879683448544,
        0.2629419069595729
    ],
    "train_ndcg": [
        0.7995104605473483,
        0.9858645969365216,
        0.9920885355412206,
        0.9945323769993419,
        0.9957412415290181
    ],
    "val_loss": [
        3.491730105079396,
        0.11632824206436185,
        0.0817769760606994,
        0.04945154333303512,
        0.032795523575336584
    ],
    "val_rmse": [
        0.6826991777101171,
        0.3341630921570146,
        0.2778393792775709,
        0.21099134118754137,
        0.16966517827770045
    ],
    "val_mae": [
        0.3260452077842095,
        0.2573499553640124,
        0.1916451218052649,
        0.13111490493928882,
        0.11222708917839426
    ],
    "val_ndcg": [
        0.9786449779926891,
        0.9901216953573092,
        0.9963186937318721,
        0.9982596190882401,
        0.9985142963033327
    ],
    "lr": [
        0.001,
        0.001,
        0.001,
        0.001,
        0.001
    ]
}