{
    "train_loss": [
        1475.7049554993835,
        379.17743226546276,
        170.54567088960093,
        104.06700551057163,
        76.1038736602928,
        59.17003956625733,
        51.22404585005362,
        43.72882807405689,
        40.60840407806107,
        34.13230947754051,
        31.245400774328015,
        27.855964557279513,
        26.76359580589246,
        24.135131220274335,
        21.92132758415198,
        20.577230770376666,
        19.48057757072811,
        18.04268748850762,
        17.653404054007954,
        17.05115290684036
    ],
    "train_rmse": [
        34.1962431550628,
        18.801574966118118,
        12.689654892251957,
        9.87278275161242,
        8.449554354098428,
        7.44580231768099,
        6.920708883027974,
        6.429545916515828,
        6.19063189467571,
        5.708895129538141,
        5.46680839896866,
        5.169277343994283,
        5.062612587674039,
        4.822805409506358,
        4.588967730179266,
        4.45248032017342,
        4.333507796834372,
        4.169329592103006,
        4.1118980921011445,
        4.041849615971436
    ],
    "train_mae": [
        22.27033799509459,
        12.89405941812298,
        8.832277373422551,
        6.853627974473977,
        5.98043404764767,
        5.36616400299193,
        5.0564211214645,
        4.735194380902037,
        4.577013487302804,
        4.306544921820676,
        4.119050872854039,
        3.942401315969757,
        3.8522814964946313,
        3.6689407468973836,
        3.5085206480720377,
        3.4013164577227606,
        3.3126965953579433,
        3.1720640664990944,
        3.1186785250902176,
        3.043237811779674
    ],
    "train_ndcg": [
        0.8878439911464348,
        0.9664217960796778,
        0.9849025442064563,
        0.9909372538139548,
        0.992851044181027,
        0.9944684115014498,
        0.9955004250890092,
        0.9954500748198244,
        0.9963730471798137,
        0.9967452410278441,
        0.9970897467264647,
        0.997403313936312,
        0.9972991103990169,
        0.9975678757587566,
        0.9974553273825706,
        0.9980509397161158,
        0.9981773383443868,
        0.998248864295362,
        0.9982810442960715,
        0.9985020799161513
    ],
    "val_loss": [
        518.2866107779489,
        196.49689827502613,
        108.25126443782322,
        82.35544583495233,
        64.4055624142499,
        64.73163228639415,
        69.00259841327936,
        73.7572065541442,
        46.70021191449233,
        51.2034899348944,
        59.88945630570532,
        46.171227925260304,
        38.14610894968812,
        41.36720026043099,
        40.145658331857604,
        40.95807745758916,
        36.44995172258834,
        37.648309882258026,
        40.110850562512034,
        34.8642008741137
    ],
    "val_rmse": [
        22.175751544849163,
        13.627327422581926,
        10.084425877541213,
        8.7474406358769,
        7.698267432884312,
        7.714951849599426,
        7.970698293332266,
        8.308298844563378,
        6.3903562067549045,
        6.7515749053250795,
        7.348427681843771,
        6.375031763854914,
        5.864137658752988,
        6.080929566007648,
        5.97723259149377,
        6.083237096050345,
        5.640871318599802,
        5.7711622988360025,
        5.998258900137503,
        5.628703590478307
    ],
    "val_mae": [
        15.3913011416583,
        9.468683840523303,
        6.864865544816138,
        6.077065958103663,
        5.370076864538058,
        5.423657706086065,
        5.450087026810982,
        5.731729675346697,
        4.450722744767095,
        4.684651660247588,
        5.084945682068946,
        4.410807441657697,
        4.10906414246895,
        4.262183797191566,
        4.182462527718343,
        4.403699760705653,
        3.9841212252495994,
        4.099793424069042,
        4.281244986493823,
        4.025566181666415
    ],
    "val_ndcg": [
        0.9491317574407013,
        0.9809850437540404,
        0.9894338082259809,
        0.9927881418819159,
        0.9925727038316323,
        0.993241311798633,
        0.9938505401074047,
        0.9935763100503197,
        0.9939105409971425,
        0.9937452371691314,
        0.9939587519202434,
        0.9940523916566876,
        0.9945629667228376,
        0.9945879385504924,
        0.9951134777404893,
        0.9949196988428143,
        0.9954190170261222,
        0.9959209158386982,
        0.9951174175235588,
        0.9956686404389394
    ],
    "lr": [
        0.001,
        0.001,
        0.001,
        0.001,
        0.001,
        0.001,
        0.001,
        0.001,
        0.001,
        0.001,
        0.001,
        0.001,
        0.001,
        0.001,
        0.001,
        0.001,
        0.001,
        0.001,
        0.001,
        0.001
    ]
}