{
    "train_loss": [
        655.2924103831865,
        137.81348060136773,
        77.87851923997026,
        60.0420509011622,
        46.96173634598771,
        40.52427888644802,
        35.571622559115546,
        31.858311056299197,
        27.281973488302345
    ],
    "train_rmse": [
        21.63339813905697,
        11.078644741924332,
        8.481624908336705,
        7.476557546854199,
        6.660614014874347,
        6.191670639031987,
        5.810964058506354,
        5.503427484370053,
        5.096925591852883
    ],
    "train_mae": [
        12.795672080114702,
        7.30440814957359,
        6.002602778582934,
        5.495873220255017,
        5.041820852088422,
        4.739296629925965,
        4.417383114813492,
        4.152467428450565,
        3.7957898891304596
    ],
    "train_ndcg": [
        0.8197692561558241,
        0.9231711810932137,
        0.9376293856843534,
        0.9425875070204298,
        0.9503919912445276,
        0.9540359039393911,
        0.9593489245668667,
        0.9625757746151086,
        0.9665195502410056
    ],
    "val_loss": [
        182.59727460997445,
        115.0690230414981,
        127.87416275909969,
        70.06721037910098,
        80.27486997558957,
        59.44625475293114,
        55.08135130291893,
        55.871143658955894,
        6659.085475047429
    ],
    "val_rmse": [
        12.557709290761498,
        9.918567012807063,
        9.48277149453734,
        7.70885356906008,
        8.371686730469683,
        6.979592169329438,
        6.689580094676087,
        6.870983494561128,
        13.458319354048012
    ],
    "val_mae": [
        7.897627572218577,
        6.56597325915382,
        6.200662170137678,
        5.50618282244319,
        5.874495851142066,
        5.199094084047136,
        4.840447388944172,
        5.065636995292845,
        5.93146392986888
    ],
    "val_ndcg": [
        0.9034571490649667,
        0.9252599633875347,
        0.9298035546338984,
        0.9361445135658696,
        0.9352943633816072,
        0.9418964138520616,
        0.9416976965786445,
        0.9426969763423715,
        0.9398589121798674
    ],
    "lr": [
        0.001,
        0.001,
        0.001,
        0.001,
        0.001,
        0.001,
        0.001,
        0.001,
        0.001
    ]
}