{
    "train_loss": [
        693.8752748020734,
        143.06521852591572,
        87.41402191293159,
        62.330041731534564,
        51.9524566352679,
        43.99305674173299,
        37.42898128458241,
        33.11056671683872,
        28.51361183767625,
        24.551026005990654,
        22.58255200621083,
        19.552593211258767
    ],
    "train_rmse": [
        22.343945140709835,
        11.209311149955589,
        8.877197905994185,
        7.595857731260013,
        6.9175387010452996,
        6.425296189254561,
        5.919888221505917,
        5.5613206845183045,
        5.167659101921626,
        4.800649237214116,
        4.567095683588289,
        4.25568540591986
    ],
    "train_mae": [
        13.308118480457308,
        7.34469009638723,
        6.181295131016704,
        5.51424085248131,
        5.115582722349787,
        4.740298995871967,
        4.379503441533551,
        4.042936435379672,
        3.734441288555621,
        3.4053463712390277,
        3.1543325811646783,
        2.903894119604565
    ],
    "train_ndcg": [
        0.824149029365587,
        0.9233348219028776,
        0.9395553698572674,
        0.945940012425251,
        0.9523662077882025,
        0.9568444478191307,
        0.9613752764628127,
        0.9682343125654923,
        0.9718365402943702,
        0.9762772326375051,
        0.9813809907195994,
        0.9825536847737764
    ],
    "val_loss": [
        221.13465185450085,
        126.7062578941459,
        109.0026821278814,
        88.81078449363139,
        87.91443265089349,
        71.50504865504023,
        67.94821045861315,
        67.79595119134704,
        415.75349039106226,
        63.61210726268256,
        519.5054892226831,
        194.69262801070712
    ],
    "val_rmse": [
        11.589696772081204,
        9.675971573301283,
        8.535624260802322,
        8.183150259952535,
        8.070423052338157,
        7.313188172818223,
        7.242214208188046,
        7.116945911466614,
        8.266126313969142,
        7.076476597483338,
        8.52433099031499,
        7.949548617303257
    ],
    "val_mae": [
        7.805175819681652,
        6.999090801068206,
        6.04448765427319,
        5.957699498133873,
        5.82136970135703,
        5.245282520464997,
        5.167059695542748,
        4.8827118453694816,
        5.062023084199251,
        4.894085003013042,
        5.178442286377522,
        4.86199136954635
    ],
    "val_ndcg": [
        0.40239049018318973,
        0.4108175612207669,
        0.41315683250996604,
        0.4128569828930186,
        0.4126511029343107,
        0.41352038685955217,
        0.41360223186549855,
        0.4144298443153723,
        0.41418730358579264,
        0.4143595579844802,
        0.41472821484750777,
        0.41372020475899995
    ],
    "lr": [
        0.001,
        0.001,
        0.001,
        0.001,
        0.001,
        0.001,
        0.001,
        0.001,
        0.001,
        0.001,
        0.001,
        0.001
    ]
}