{
    "train_loss": [
        8418390.893200848,
        31410.635159673762,
        915.717028234193,
        8239.117914368362,
        8232.220181983192,
        573.1923435473401,
        562.3378794410546,
        2347.765754744696,
        557.4747131179836,
        556.6891923561394,
        555.2046630634215
    ],
    "train_rmse": [
        1941.8727704707314,
        57.17716076444177,
        23.47670204265445,
        23.98264615091623,
        23.317619137904224,
        18.633112039051802,
        18.616194624526827,
        20.4310646787578,
        18.532959329146966,
        18.453966815097658,
        18.414396004349577
    ],
    "train_mae": [
        947.0343296504489,
        20.618139264630337,
        11.423035462112988,
        10.194862252356959,
        9.707356548192454,
        8.561176468344296,
        8.297994705976224,
        8.587921085895276,
        8.253085597473031,
        8.097824256794125,
        8.081452843020944
    ],
    "train_ndcg": [
        0.42790957801409213,
        0.43266053506921903,
        0.4312769564270389,
        0.4529509141073361,
        0.4422819780039729,
        0.4498246800994464,
        0.4489532847907029,
        0.4511984453043517,
        0.45982752395245957,
        0.46627991473046587,
        0.4624437056481838
    ],
    "val_loss": [
        138249.8969504317,
        9516.085178487176,
        1036.031007627799,
        628.3057879902079,
        632.7617426423101,
        857.1433997428079,
        621.4788939677901,
        613.7028349928571,
        121895.30564343416,
        631.6367253962347,
        647.606969288807
    ],
    "val_rmse": [
        119.51492955170426,
        44.04614111488941,
        25.28588378195669,
        20.672694823321173,
        20.3180266642103,
        21.706314189761294,
        20.093696098701628,
        20.34763714846443,
        79.64805655853421,
        20.30269429964178,
        20.56927923595204
    ],
    "val_mae": [
        27.89746567314746,
        13.50993033250173,
        10.731057821535597,
        10.094209904764213,
        8.789446975670609,
        8.792083908529843,
        8.382133338965621,
        9.165868747468089,
        20.919733514972762,
        8.402108608507643,
        8.531832566448287
    ],
    "val_ndcg": [
        0.4325413757971689,
        0.42239270162056475,
        0.4586429046649559,
        0.4452633385126497,
        0.41754982518214806,
        0.4688560251950049,
        0.44932463363397357,
        0.42671113921438947,
        0.43191950322658407,
        0.4592831894463184,
        0.4544649500326783
    ],
    "lr": [
        0.001,
        0.001,
        0.001,
        0.001,
        0.001,
        0.001,
        0.001,
        0.001,
        0.001,
        0.001,
        0.001
    ]
}