{
    "train_loss": [
        1568.4600394526615,
        380.66691172877444,
        186.19200922869427,
        100.4270657587655,
        63.62437669989429,
        54.30184430562997,
        44.79294805285297,
        39.49484346335447,
        34.37678491465653,
        33.189656402491316,
        28.456958789614184,
        26.819092845614954,
        24.388968602011474,
        22.539706074738806,
        21.393888397307336,
        21.72506937346881,
        18.861068978339812,
        18.040212118927435,
        16.478899402708947,
        16.40729931562762
    ],
    "train_rmse": [
        35.548012435356554,
        18.833375530651306,
        13.181894009336585,
        9.730285929416734,
        7.768600108746146,
        7.177732931851947,
        6.531449950219701,
        6.137238532111352,
        5.733839722016422,
        5.634765137953384,
        5.231876051724629,
        5.0846880401971495,
        4.860513306432777,
        4.66520351242637,
        4.541058985538234,
        4.54559837113959,
        4.258056244870012,
        4.154343473970143,
        3.975153880119614,
        3.9717052584565744
    ],
    "train_mae": [
        23.885840191116817,
        12.806354168095167,
        8.911165521869176,
        6.75464779704432,
        5.5718319597123545,
        5.191718755643579,
        4.798439809415914,
        4.567531941812249,
        4.311504548863519,
        4.217083642377129,
        3.9817271043982685,
        3.8729505618161792,
        3.722985306118108,
        3.5677872411435163,
        3.455016141450858,
        3.4211620231972466,
        3.250691982198365,
        3.1469848567171943,
        3.0175175525342364,
        2.981323989886272
    ],
    "train_ndcg": [
        0.8788194583398821,
        0.966001775162884,
        0.9844999542530579,
        0.9917020818477944,
        0.9941305821832223,
        0.9949844571985776,
        0.9958647024593775,
        0.99609034367,
        0.9968955215962627,
        0.9968772376828556,
        0.9968342000170599,
        0.9971945462158963,
        0.9974722178487838,
        0.9978334335963938,
        0.9980168634954887,
        0.9980882780649994,
        0.9983908321849907,
        0.9983578184737435,
        0.9985815234765222,
        0.9986211659410332
    ],
    "val_loss": [
        480.90674945670116,
        221.32546642464652,
        119.41638223889848,
        71.85167360977388,
        61.77250488711075,
        50.31877966330085,
        45.95686971637565,
        47.26317527932181,
        42.16901689180186,
        48.815807651466045,
        43.76307472712557,
        47.48831813436159,
        39.1390000464211,
        45.411110475029744,
        37.73349936579315,
        39.927634789910115,
        36.944171274212046,
        41.41304953669159,
        35.50801792950698,
        32.267287845342935
    ],
    "val_rmse": [
        21.523574966213687,
        14.500466189588247,
        10.713845038053803,
        8.220808155284956,
        7.514927146441144,
        6.752058818549558,
        6.462109366346076,
        6.511514011606931,
        6.158016624407551,
        6.581518399887021,
        6.202932100631911,
        6.500268678699365,
        5.90938766806474,
        6.40362695837909,
        5.69099401318934,
        5.916818186110754,
        5.705122979201211,
        6.073733684418374,
        5.6619658280147735,
        5.327907316202149
    ],
    "val_mae": [
        14.952053258116816,
        9.653207577450175,
        7.315994601854136,
        5.805767361546906,
        5.203530687681386,
        4.783049848717703,
        4.532520059128882,
        4.608333439894126,
        4.3324834057982535,
        4.6344721921732726,
        4.302189464300451,
        4.506923057663609,
        4.166391057027897,
        4.4321763280411846,
        3.919857750476246,
        4.015890766197527,
        4.011639339823119,
        4.196899498012704,
        4.0046954658669485,
        3.760457559370659
    ],
    "val_ndcg": [
        0.951992391700476,
        0.977657847001519,
        0.9905902751734559,
        0.9921590744609564,
        0.9932476533970362,
        0.9936211083976316,
        0.9946853535276063,
        0.9945137148172083,
        0.9951216788359092,
        0.9952481229540328,
        0.9955367848906719,
        0.9950585843811572,
        0.9953058387192202,
        0.9952809441257531,
        0.9950784814189857,
        0.99469767322003,
        0.9955671723459808,
        0.9958358297885304,
        0.9950448165477161,
        0.9960291091824921
    ],
    "lr": [
        0.001,
        0.001,
        0.001,
        0.001,
        0.001,
        0.001,
        0.001,
        0.001,
        0.001,
        0.001,
        0.001,
        0.001,
        0.001,
        0.001,
        0.001,
        0.001,
        0.001,
        0.001,
        0.001,
        0.001
    ]
}