{
    "train_loss": [
        12918311.21554144,
        766112.7825961825,
        80406.35728929534,
        13229.45985028476,
        1847.8569332872319,
        621.9364625052743,
        555.775438309243,
        553.3966827153617
    ],
    "train_rmse": [
        3020.360918463445,
        518.7538439853519,
        98.55261772987889,
        39.14504408953237,
        22.512311951786863,
        20.270411985761978,
        19.231852856336854,
        18.910780700982787
    ],
    "train_mae": [
        1455.9629098013336,
        140.75660561814027,
        32.28495350772259,
        16.024052823291104,
        10.84224825688437,
        9.907500079449486,
        9.197263171859817,
        8.811239185870862
    ],
    "train_ndcg": [
        0.4189932291560313,
        0.4229293000135644,
        0.4269879757079716,
        0.4423231880600546,
        0.42897361456690464,
        0.4312242131735034,
        0.43585173933602434,
        0.42871105055525605
    ],
    "val_loss": [
        189760.04557755287,
        261769.18951693422,
        31248.926854263467,
        1125.3244730652477,
        676.1294814328797,
        149613.36850793334,
        1682.2866134713624,
        48202.757729173034
    ],
    "val_rmse": [
        145.35527212479536,
        203.0318072169435,
        37.767043095009,
        23.116169130100925,
        20.184239389849644,
        107.63606612822589,
        22.74807650902692,
        48.58390939936918
    ],
    "val_mae": [
        34.09877875739453,
        49.70803281372669,
        12.034991799616346,
        9.631185414744358,
        8.616528099658442,
        24.056200927379084,
        9.131950616836548,
        13.390321960636214
    ],
    "val_ndcg": [
        0.40374420824296336,
        0.4653179716391891,
        0.43079878178005127,
        0.42500895919168696,
        0.4262153612924557,
        0.465494694736074,
        0.449465965742574,
        0.4598611360233204
    ],
    "lr": [
        0.001,
        0.001,
        0.001,
        0.001,
        0.001,
        0.001,
        0.001,
        0.001
    ]
}