{
    "train_loss": [
        747.3488913914265,
        145.96466789430784,
        86.39479489572196,
        64.20039664960068,
        51.28491067993187,
        43.607586832167584,
        36.55425032472504,
        31.25288286166373,
        28.14833299431719,
        23.908967951859353,
        21.428236955666915,
        18.679253836012848
    ],
    "train_rmse": [
        23.184188219227416,
        11.45168295735762,
        8.8864819143681,
        7.723792975325597,
        6.940280548097029,
        6.405828542767508,
        5.8662402382937495,
        5.424234613831899,
        5.121161785708606,
        4.746361522360717,
        4.497774703122681,
        4.185096451859765
    ],
    "train_mae": [
        13.71706475349751,
        7.50529452007684,
        6.259701011606435,
        5.580138392729756,
        5.098060473476977,
        4.688325964576545,
        4.2858362388397175,
        3.895885395327106,
        3.616349921198012,
        3.3526823201047744,
        3.12058784901161,
        2.8688033105189272
    ],
    "train_ndcg": [
        0.8063238421107257,
        0.9175900664511593,
        0.9312679269883151,
        0.9422594188664545,
        0.9506532769981296,
        0.9590009508558491,
        0.9641841692742881,
        0.9713488008390174,
        0.9751414411810461,
        0.9765989279195032,
        0.9805166315373598,
        0.984279945949016
    ],
    "val_loss": [
        184.07673564455402,
        108.30949287983908,
        90.20219907618281,
        473.1458847216706,
        72.058516757168,
        68.01195372823459,
        67.81648602841506,
        58.370672943342974,
        61.947438388795995,
        52.14976073023099,
        63.069723879401366,
        54.61616339754703
    ],
    "val_rmse": [
        11.634516435881071,
        9.221781411128266,
        8.318100175119454,
        9.578305728731655,
        7.4885203644097045,
        7.3712299298358985,
        7.198502113314191,
        6.9242316173129375,
        6.918810462818225,
        6.618950349174297,
        7.152791654657651,
        6.622356772554203
    ],
    "val_mae": [
        8.255931179559052,
        6.688144994137892,
        5.8846641960428725,
        6.175251124510124,
        5.329085095249005,
        5.345389533398756,
        5.003653562246863,
        5.040316158977907,
        4.728284999861646,
        4.580177233112392,
        4.811583769499366,
        4.467982399997426
    ],
    "val_ndcg": [
        0.40758441028310294,
        0.4145419465961741,
        0.41645416679667,
        0.4170703012551834,
        0.4193937687731501,
        0.41901908401233046,
        0.41975115822322334,
        0.4202720586933307,
        0.42026146952785665,
        0.4205170225741258,
        0.42038892685477414,
        0.4204279004637875
    ],
    "lr": [
        0.001,
        0.001,
        0.001,
        0.001,
        0.001,
        0.001,
        0.001,
        0.001,
        0.001,
        0.001,
        0.001,
        0.001
    ]
}