{
    "train_loss": [
        693.3493922663056,
        150.4215969729548,
        84.98198152425309,
        60.457418089219225
    ],
    "train_rmse": [
        22.39233296802582,
        11.53483708374188,
        8.775429130685943,
        7.458528378398516
    ],
    "train_mae": [
        13.137335445740225,
        7.524323462371599,
        6.122811905388693,
        5.432487708405828
    ],
    "train_ndcg": [
        0.8147827904571273,
        0.9195014441231456,
        0.9374510720984272,
        0.9492035960421089
    ],
    "val_loss": [
        194.1725643385702,
        92.48529248308779,
        161.4031962181205,
        180.15326284864057
    ],
    "val_rmse": [
        11.277227303216923,
        8.593636697601069,
        8.11316952288707,
        8.002277260705627
    ],
    "val_mae": [
        8.10700863297306,
        6.486815276786462,
        5.852721886136639,
        5.591186810251492
    ],
    "val_ndcg": [
        0.40309090987959906,
        0.40861177515627733,
        0.41244852364952883,
        0.4138362373878707
    ],
    "lr": [
        0.001,
        0.001,
        0.001,
        0.001
    ]
}