{
    "train_loss": [
        654.9977416510918,
        133.8768731886014,
        77.50994042476334,
        57.487973242325296,
        45.93395253734918
    ],
    "train_rmse": [
        21.76599518576593,
        10.92139800435689,
        8.43026184290633,
        7.31956257053143,
        6.586492155885355
    ],
    "train_mae": [
        12.904080948823319,
        7.260352644629054,
        6.020984615146085,
        5.396023633153948,
        4.993897577364289
    ],
    "train_ndcg": [
        0.8222233522745223,
        0.9201224937560074,
        0.935419495184108,
        0.9456507629191733,
        0.9510964462323335
    ],
    "val_loss": [
        233.38946832929338,
        94.92865151450748,
        84.01622210230146,
        88.02083689825875,
        251.29637086959113
    ],
    "val_rmse": [
        14.416855071947188,
        9.046542380697913,
        8.66063907904624,
        8.716143566689402,
        8.070561499731667
    ],
    "val_mae": [
        9.039377394176665,
        6.144316837901161,
        6.062099817253294,
        5.8308244077932265,
        5.27947231843358
    ],
    "val_ndcg": [
        0.901470630740126,
        0.9210642547391,
        0.9303346751701265,
        0.934778360561246,
        0.9401383463382011
    ],
    "lr": [
        0.001,
        0.001,
        0.001,
        0.001,
        0.001
    ]
}