{
    "train_loss": [
        6039.769612179527,
        5941.704713169533,
        5914.564727203756,
        5836.091276820702
    ],
    "train_rmse": [
        75.06372706676143,
        74.61218414418902,
        74.47395658940658,
        73.67107757410997
    ],
    "train_mae": [
        50.31086837792699,
        50.907999479317965,
        50.94638104076627,
        50.31608098368101
    ],
    "train_ndcg": [
        0.36966318728496567,
        0.3835963750894688,
        0.38830770708950635,
        0.451513979324623
    ],
    "val_loss": [
        5906.023872482944,
        5803.814482353103,
        5709.954079211598,
        5801.15322489134
    ],
    "val_rmse": [
        74.61562375812093,
        72.7763033395989,
        72.59723830805083,
        73.05621628711616
    ],
    "val_mae": [
        57.40647469104176,
        45.45087704188387,
        49.78841300749443,
        49.173527166876994
    ],
    "val_ndcg": [
        0.3630109893184313,
        0.4052694315012072,
        0.7254581948820974,
        0.3376818069479835
    ],
    "lr": [
        0.001,
        0.001,
        0.001,
        0.001
    ]
}