{
    "train_loss": [
        698.9571214965068,
        159.28611053398424,
        94.177260281347,
        68.67736714058977,
        52.19162373831238,
        43.988458228876915,
        38.1462167963508,
        33.081662080108096,
        28.3430894199283,
        24.18672723535106,
        20.909505849814042,
        18.01416439347698
    ],
    "train_rmse": [
        22.664169959178874,
        11.85711222954263,
        9.258804724471577,
        7.915980144950924,
        6.947577161715384,
        6.403177358387431,
        5.9451505323781495,
        5.515501669518754,
        5.114904968799297,
        4.701472378918194,
        4.367025956447108,
        4.040677529004106
    ],
    "train_mae": [
        13.043204946781469,
        7.643941563220946,
        6.423641862221134,
        5.645208807290714,
        5.099023518765302,
        4.734131901365683,
        4.364591504674602,
        4.010108899678465,
        3.6647100993463404,
        3.291041061983258,
        2.980214517983685,
        2.6817004160706546
    ],
    "train_ndcg": [
        0.8104183176939972,
        0.9130722236575433,
        0.9314459845273463,
        0.9441268801844948,
        0.9525130322791463,
        0.9570151019154243,
        0.9625859918257832,
        0.9686254831149206,
        0.974737417795838,
        0.9780842145714321,
        0.9821972065313793,
        0.9857209688073401
    ],
    "val_loss": [
        172.88161589494393,
        426.1052271003154,
        112.51207539714984,
        72.3706546854617,
        294.6680413772811,
        62.068981108024936,
        58.63476648473028,
        56.30721573900821,
        59.38546958467854,
        53.21272474545152,
        27868.435395572436,
        1104.9548586503784
    ],
    "val_rmse": [
        11.102760222063104,
        10.900741960806847,
        8.854496686646492,
        7.612281812653077,
        9.060998067683073,
        6.995194889772411,
        7.0915024895963485,
        6.86413349464537,
        7.045319108247602,
        6.5340257952496295,
        29.066774280978127,
        9.589615194488836
    ],
    "val_mae": [
        7.9578251155454724,
        7.149700511391483,
        6.4138230003527745,
        5.7778721852089046,
        5.830743086515968,
        5.309667143892886,
        5.423977222015608,
        5.078170818357325,
        5.1515387592031,
        4.622512403886709,
        8.53286396104898,
        5.080765780406212
    ],
    "val_ndcg": [
        0.3995119698012053,
        0.4074448676474059,
        0.41436846994642,
        0.41535265410124367,
        0.415723830995275,
        0.4158541956944252,
        0.4157818028286322,
        0.4167915175210184,
        0.4170165019248849,
        0.4162059310656875,
        0.4151763634895211,
        0.41661322686209606
    ],
    "lr": [
        0.001,
        0.001,
        0.001,
        0.001,
        0.001,
        0.001,
        0.001,
        0.001,
        0.001,
        0.001,
        0.001,
        0.001
    ]
}