{
    "train_loss": [
        24501770.818123527
    ],
    "train_rmse": [
        4793.319850334934
    ],
    "train_mae": [
        2616.1976981163025
    ],
    "train_ndcg": [
        0.4138641583678477
    ],
    "val_loss": [
        10717607.64446571
    ],
    "val_rmse": [
        3121.7737097646677
    ],
    "val_mae": [
        1274.418716729856
    ],
    "val_ndcg": [
        0.40175826577287094
    ],
    "lr": [
        0.0001
    ]
}