{
    "train_loss": [
        8638006.116193611,
        63390.152059066815,
        2230.5508145926083,
        788.9047234214014,
        586.4089273991759,
        575.6032408544912,
        566.3275870363308,
        563.042531073664,
        571.779692119237,
        632.764269694037
    ],
    "train_rmse": [
        1997.0582740891214,
        89.24592907171623,
        30.25457199531443,
        21.678065693845937,
        19.47073284668081,
        19.04181423315815,
        18.97413719460076,
        18.629283864124147,
        18.744910959519594,
        19.154295666545046
    ],
    "train_mae": [
        977.3968596154568,
        28.113423237613603,
        13.743712360952415,
        10.25188381765403,
        9.01983304234112,
        8.673541756821614,
        8.48314065968289,
        8.307581858307708,
        8.204956629697014,
        8.213890045881271
    ],
    "train_ndcg": [
        0.4258729135343695,
        0.42500410418884427,
        0.4361337492717247,
        0.43615064012142374,
        0.43878402568253816,
        0.4478341923551817,
        0.4440946925942804,
        0.4732409770618759,
        0.4703942931567629,
        0.4716924156117089
    ],
    "val_loss": [
        62362.89501706665,
        4236.082849948344,
        38464.29874469637,
        31135.390870661082,
        838.9484383934811,
        597.4012083988065,
        583.5221583413648,
        39205.72749059566,
        246186.11452637226,
        596.0022656583454
    ],
    "val_rmse": [
        59.86504541658888,
        26.389761574128094,
        46.39470667465061,
        35.87307850519816,
        20.86076927652546,
        19.087895650489656,
        18.79544532766529,
        44.91663110489939,
        158.44363874547622,
        19.068464265150183
    ],
    "val_mae": [
        16.948027311586866,
        9.821736796229493,
        14.04313830534617,
        11.113856095893711,
        8.42425683666678,
        7.995522059646308,
        7.99773913972518,
        12.660561101109375,
        32.99333466268053,
        7.947563096588733
    ],
    "val_ndcg": [
        0.4329622872173786,
        0.4529511369764805,
        0.4288009664445531,
        0.4182901399977067,
        0.454134304222523,
        0.42667003947437976,
        0.4459260094399546,
        0.4661785269192621,
        0.4575764575571406,
        0.46943078314264614
    ],
    "lr": [
        0.001,
        0.001,
        0.001,
        0.001,
        0.001,
        0.001,
        0.001,
        0.001,
        0.001,
        0.001
    ]
}