{
    "train_loss": [
        29128780.649297994,
        18941779.955453657,
        12463863.120737284,
        7108433.279104123,
        3191740.0699179126,
        981323.2556753381,
        138784.7120865053,
        22721.735036483504,
        8641.26426972886,
        1531.455377427953,
        905.1721853993693,
        610.832790504178,
        562.9377322702481,
        543.9283830144267,
        660.1363524371109,
        538.885649488794,
        497.7677972874204,
        524.3361941435495
    ],
    "train_rmse": [
        5300.958195106656,
        4280.128265380859,
        3424.8487801645315,
        2504.232947358898,
        1521.1920113236297,
        689.7576033180835,
        168.54526719860002,
        51.05768952065823,
        29.512328096464568,
        23.511767110403845,
        21.904610169868842,
        19.937678552141378,
        19.29734951140834,
        19.1097223536641,
        19.424816476363763,
        18.794199156994914,
        18.0668769578139,
        18.56569981107525
    ],
    "train_mae": [
        3073.3888829549155,
        2084.01462689568,
        1455.0252942477955,
        894.4921933903414,
        450.79595731753926,
        182.17735176927903,
        49.81450614040973,
        19.64253857673383,
        13.223527315784903,
        11.297712332477756,
        10.339145347183825,
        9.65685887780844,
        9.260891195605783,
        9.134034491052814,
        9.039862982782664,
        8.856968952160255,
        8.579058366663316,
        8.649694459111084
    ],
    "train_ndcg": [
        0.4163876990513766,
        0.40718026462869317,
        0.4175662292605814,
        0.4238393596355237,
        0.41813323080685794,
        0.4156705435803708,
        0.4283366406190337,
        0.432296389439965,
        0.4375274307185821,
        0.44128683430380095,
        0.4482818768889296,
        0.46795285069474984,
        0.4766634529383451,
        0.48156613816379334,
        0.492305748584662,
        0.4928306335327672,
        0.5121346893263798,
        0.5155000412727103
    ],
    "val_loss": [
        5049230.515425719,
        3965113.744342176,
        2054748.6919204008,
        1086454.323505319,
        240733.9159317942,
        72638.4604947,
        8548.137286374938,
        31611.175888843263,
        949.2258526574342,
        722.0196369357246,
        615.4754987127336,
        603.442383941079,
        599.4840676669809,
        598.1180636152152,
        590.0935736567661,
        580.9338704714983,
        588.1376496831092,
        584.3497947510691
    ],
    "val_rmse": [
        2029.4845653047748,
        1772.103728799259,
        1128.1189049178479,
        692.6879272647933,
        232.86595090230307,
        90.02189719443227,
        33.38205287503261,
        39.509594512920756,
        22.958470671784642,
        20.41537677306755,
        19.18670493481206,
        18.88122827866498,
        18.798771026087742,
        18.871429548544043,
        18.740933168168162,
        18.607049684898527,
        18.608626283851326,
        18.617441016085007
    ],
    "val_mae": [
        620.1467063754212,
        520.5862613191791,
        281.8134829951268,
        161.32260170169906,
        55.05416985586578,
        25.942317004297294,
        12.636474777670468,
        12.376622779696595,
        9.32700540037716,
        8.752697818419513,
        8.218092836585699,
        8.119838392033296,
        8.016141779282513,
        7.984109083811442,
        7.940870366844476,
        7.937457278663037,
        7.893951385628943,
        7.917808069902308
    ],
    "val_ndcg": [
        0.42230695296151965,
        0.4527174170841189,
        0.4391286148890561,
        0.43577080446423266,
        0.4359740790198831,
        0.4482549406295898,
        0.4425984176934934,
        0.45386022628814565,
        0.4814816564321518,
        0.4913591165460792,
        0.5113617610551563,
        0.5063150166442582,
        0.534505840098741,
        0.539987692499862,
        0.5457934827050742,
        0.5496360776471156,
        0.5560755140933336,
        0.591187528973701
    ],
    "lr": [
        0.0001,
        0.0001,
        0.0001,
        0.0001,
        0.0001,
        0.0001,
        0.0001,
        0.0001,
        0.0001,
        0.0001,
        0.0001,
        0.0001,
        0.0001,
        0.0001,
        0.0001,
        0.0001,
        0.0001,
        0.0001
    ]
}