{
    "train_loss": [
        1647.3079700711407,
        271.8049797589266,
        125.04480907585048,
        77.73157471493829,
        57.64490697353701,
        47.655617599245865,
        38.39268538318103,
        35.70278034481821,
        31.083040306085273,
        28.446285428880135,
        25.850659030902236,
        22.36630686928954,
        20.566794234740584,
        18.177497906020925,
        15.825210771983183,
        14.747446770154976,
        13.595882269400585,
        12.136639672744122,
        11.482755628567707
    ],
    "train_rmse": [
        36.2100092540611,
        15.789009180868153,
        10.837184203620641,
        8.55066505615135,
        7.395000940441376,
        6.741258009334249,
        6.064591712646066,
        5.836212617014259,
        5.463458494168958,
        5.219115193044183,
        4.991978818769204,
        4.644320877131546,
        4.456296742640931,
        4.190699669415659,
        3.9148655267239025,
        3.7699117465426917,
        3.6200522574294958,
        3.415201579531864,
        3.32776171304689
    ],
    "train_mae": [
        24.187040963504888,
        10.407274974297874,
        7.378058982423589,
        6.026885859196699,
        5.331949593145636,
        4.930537258145176,
        4.537671755386304,
        4.348816263524792,
        4.134116251068779,
        3.9585593863378596,
        3.805101910346671,
        3.5380139833764184,
        3.3881275284139414,
        3.198319486424893,
        2.985232395650465,
        2.8795697855044016,
        2.7671318642700773,
        2.594415445116502,
        2.544669221096401
    ],
    "train_ndcg": [
        0.8654950500430563,
        0.9803339956870561,
        0.9905076340029512,
        0.9933372302145898,
        0.9951020953587338,
        0.9954008313862583,
        0.9961625558288791,
        0.9965977871531173,
        0.9968882183296771,
        0.997179942794993,
        0.9975472675471366,
        0.9977047993223879,
        0.9980483460652677,
        0.9982810467481613,
        0.9984322096916693,
        0.9985130795195133,
        0.9987035832261737,
        0.9988488200344617,
        0.9990080705360521
    ],
    "val_loss": [
        305.71448699521346,
        160.61727652751225,
        80.21698145799233,
        98.31909397286428,
        49.420991561782195,
        59.082267438861685,
        43.67495231897059,
        72.63750117933246,
        48.056477439235636,
        41.66889061726315,
        35.77338268387486,
        35.76565934570743,
        31.368162182015432,
        33.274764087838186,
        33.155672825558085,
        35.2773457245088,
        27.710626266372035,
        31.434065845650686,
        34.327566388627176
    ],
    "val_rmse": [
        17.022804091540404,
        12.271968236097596,
        8.72418977659167,
        9.709547110801775,
        6.7575173606994605,
        7.409723379025435,
        6.299271141309055,
        8.006477652290222,
        6.648790959508824,
        6.184272301984485,
        5.669115998567993,
        5.690017370100179,
        5.339802895383791,
        5.477513496694701,
        5.518767848296002,
        5.65460351262253,
        5.089552422218077,
        5.38412636710746,
        5.598072784959465
    ],
    "val_mae": [
        10.921298624764026,
        8.098800907672292,
        5.978513751231449,
        6.6365152278416595,
        4.7836375807372615,
        5.320080206427775,
        4.492307612593745,
        5.221484758484531,
        4.820733540494677,
        4.5011892285145505,
        4.127895778333637,
        4.077923868743467,
        3.8279382947465064,
        3.8839682491732317,
        4.023950902509018,
        3.9869604480098673,
        3.7528539744900984,
        3.9172230438447335,
        4.0608437061309814
    ],
    "val_ndcg": [
        0.9772571300117063,
        0.9857122864521725,
        0.9920756976369401,
        0.9934450102524018,
        0.9934527152021166,
        0.9938533314516846,
        0.9945179601790199,
        0.9936678846117476,
        0.9944843129372932,
        0.9952997682799756,
        0.9957836681688336,
        0.9954666562483344,
        0.9959287416767066,
        0.9957366736841874,
        0.9958119459555183,
        0.9955161961031632,
        0.9962866423835217,
        0.9957908878863697,
        0.9961979238080306
    ],
    "lr": [
        0.001,
        0.001,
        0.001,
        0.001,
        0.001,
        0.001,
        0.001,
        0.001,
        0.001,
        0.001,
        0.001,
        0.001,
        0.001,
        0.001,
        0.001,
        0.001,
        0.001,
        0.001,
        0.001
    ]
}