{
    "train_loss": [
        29053675.2921148,
        20802681.83681844,
        13376845.491701955,
        7034200.856629327,
        3807045.602825658,
        2027792.9152239272,
        963838.3913855278,
        331898.23309573054,
        134388.46155303452,
        61934.897626660015,
        6658.9327164036795,
        3035.62601854304,
        6399.59051982873,
        2711.68876043886,
        957.8852176876852
    ],
    "train_rmse": [
        5317.519696703144,
        4484.283800461713,
        3551.215781137055,
        2471.460286505082,
        1720.2602840124391,
        1135.0229678387736,
        666.1706778301913,
        309.0584962064145,
        160.065056403478,
        87.95350872301587,
        40.384288002462945,
        32.02979669267056,
        32.14765546134874,
        25.9814000527064,
        23.068288860367794
    ],
    "train_mae": [
        3053.2643199247473,
        2267.158464095172,
        1534.5182303166857,
        889.1086943430059,
        532.7825431215997,
        312.4095168207206,
        176.22246497285133,
        82.25952927972756,
        46.75657349240546,
        28.61439282987632,
        17.556026933239956,
        14.939239906329735,
        14.151253689737882,
        12.226661685635062,
        11.142222900016636
    ],
    "train_ndcg": [
        0.4206711578493317,
        0.40613896764960944,
        0.4157703726406337,
        0.41438070089355405,
        0.43213968846362594,
        0.4211100997293697,
        0.4304291095182884,
        0.4377329806048496,
        0.4234769630665873,
        0.417974581120207,
        0.4459488474599579,
        0.4413906788983035,
        0.4348948961854273,
        0.4386869474478504,
        0.4546512066039677
    ],
    "val_loss": [
        11807758.510596441,
        6429064.364507168,
        1752244.357700828,
        1097111.8347613113,
        222065.23378154336,
        115447.41235106919,
        107648.77074681724,
        45870.998415325055,
        12573.376439812513,
        568.9433538000445,
        497.05418557217445,
        425.3833590459394,
        377.7289962788354,
        637.7062471316972,
        396.83215775379574
    ],
    "val_rmse": [
        3342.3307035857556,
        2384.1352063347313,
        988.0992990194583,
        705.0828049416635,
        195.63916238149008,
        135.25521587858012,
        108.34729857538261,
        65.14674106298709,
        39.24855612306034,
        18.3210095985263,
        17.605133944866704,
        16.957581622927798,
        16.314890557644414,
        17.627283147737092,
        16.814906681285184
    ],
    "val_mae": [
        1372.8883210724475,
        820.7890050177481,
        270.07689672357895,
        184.19352606231092,
        54.539119608262006,
        39.613477435766484,
        28.710142158994486,
        18.367989661646824,
        13.93128207618115,
        8.617812904657102,
        8.531182452744128,
        8.088924812335595,
        7.756163382062725,
        7.910462391142752,
        7.87684302704007
    ],
    "val_ndcg": [
        0.4016594184087772,
        0.4117283635571891,
        0.42699672741925015,
        0.4388974146077446,
        0.43153348974153105,
        0.4398309993101101,
        0.45003749766186174,
        0.45802781935416015,
        0.4559015200710764,
        0.466013850096394,
        0.45884761857051476,
        0.46594489789476584,
        0.4816003213910496,
        0.5024727143201173,
        0.5057081115596435
    ],
    "lr": [
        0.0001,
        0.0001,
        0.0001,
        0.0001,
        0.0001,
        0.0001,
        0.0001,
        0.0001,
        0.0001,
        0.0001,
        0.0001,
        0.0001,
        0.0001,
        0.0001,
        0.0001
    ]
}