{
    "train_loss": [
        30709976.54624592,
        22961443.624066167,
        16193919.026662596,
        11276194.822423186,
        7047630.479722257,
        3897235.1698669246,
        2110399.4873440983,
        1305377.5942497263,
        932434.4440076068,
        505550.69199891534
    ],
    "train_rmse": [
        5496.027897853477,
        4717.350244260302,
        3919.2369539223464,
        3249.5857209598316,
        2475.8844444517995,
        1743.023940965241,
        1168.9264168178333,
        843.3410516346203,
        651.3876951956281,
        416.76142818553774
    ],
    "train_mae": [
        3220.4379386153873,
        2482.322547164618,
        1825.5740236768536,
        1329.314439717461,
        883.3143382773679,
        541.1249454301947,
        322.45049955330643,
        218.98597385369095,
        168.31400945841096,
        107.38348025434158
    ],
    "train_ndcg": [
        0.41737892276004834,
        0.4154791918345818,
        0.4162882666340938,
        0.4250257217927891,
        0.4303084595457596,
        0.4297112459682074,
        0.42795113300648974,
        0.4203973414887692,
        0.41798358416075215,
        0.42242697109559585
    ],
    "val_loss": [
        9904216.002215052,
        4650506.092998118,
        2413249.3519092184,
        2063050.4199580364,
        213477.31240037025,
        52061.25752380686,
        50660.40573417979,
        983.9055253339677,
        1028.226049801953,
        3143.780094492199
    ],
    "val_rmse": [
        3031.8377108106424,
        1952.5464458091585,
        1310.9984016418457,
        1144.7224348105635,
        179.93029323278688,
        85.82400386473712,
        61.29485865667755,
        27.061405135136024,
        26.500533982819203,
        32.15860338304557
    ],
    "val_mae": [
        1174.283322128595,
        603.8272194581873,
        334.50231718549543,
        301.79264646417954,
        49.96605684710484,
        26.826501967860203,
        20.369098251941157,
        13.209686700035544,
        12.519717132343965,
        13.471780585307702
    ],
    "val_ndcg": [
        0.40546804644605694,
        0.3909170910277787,
        0.38401050945999576,
        0.41592302027286265,
        0.3949437027468401,
        0.4060221473668136,
        0.4259551091521394,
        0.4417497798362199,
        0.43673254607939255,
        0.4277385440381134
    ],
    "lr": [
        0.0001,
        0.0001,
        0.0001,
        0.0001,
        0.0001,
        0.0001,
        0.0001,
        0.0001,
        0.0001,
        0.0001
    ]
}