{
    "train_loss": [
        1351.0113486277905,
        352.3077262866346,
        167.32429698750943,
        103.08953188944467,
        69.1875813610946,
        54.25784658631192,
        44.57601911055891,
        40.01520497285867,
        34.644554676888866,
        31.293750059001052,
        28.812668193744706,
        26.442434762097612,
        23.031041573874557,
        22.20530678350714,
        19.99327388669871,
        18.68147025908096,
        16.995510369916506,
        15.845708420005026,
        15.787844214258314,
        14.747453052031842
    ],
    "train_rmse": [
        33.209800136624345,
        18.2435796333922,
        12.549612336516933,
        9.841988781026261,
        8.071622587094533,
        7.137606808702729,
        6.477514088010586,
        6.162852056927469,
        5.755617270195042,
        5.477392564370788,
        5.256519986669205,
        5.046400770248145,
        4.708584689891357,
        4.619441727399584,
        4.395451810730182,
        4.227234469912232,
        4.049099866559392,
        3.9108673639536904,
        3.8833373469625383,
        3.755766218028664
    ],
    "train_mae": [
        22.03341102298302,
        12.686087564577031,
        8.723137673697893,
        6.865933564644825,
        5.739644124915328,
        5.1618613159354725,
        4.776871337920805,
        4.587744018699549,
        4.33242931773391,
        4.157995220981067,
        3.993489240543752,
        3.8578739743443986,
        3.6205275092698352,
        3.532670849486242,
        3.3538063560860065,
        3.2110798879514766,
        3.0780662824458713,
        2.972256003301355,
        2.912875095122977,
        2.8233952163895473
    ],
    "train_ndcg": [
        0.8791214263514627,
        0.9651105227538302,
        0.9844696806578697,
        0.9911428662606433,
        0.9935568665401845,
        0.9948240366729,
        0.9953797318135635,
        0.995786432223984,
        0.9964222386479378,
        0.9969813658655444,
        0.9970793777817413,
        0.9971918700427949,
        0.9978629457233827,
        0.9979353491452676,
        0.9979386804979059,
        0.9981750877031798,
        0.9985391404243964,
        0.9983644762748405,
        0.9987040338448331,
        0.99851057178612
    ],
    "val_loss": [
        416.53340750680843,
        190.91952998201612,
        104.1640454144545,
        72.3938918315189,
        73.03941280741087,
        49.85962137034242,
        48.56202842819859,
        48.4794106281979,
        40.51393108636561,
        43.22256162133015,
        41.64596470308975,
        37.488306649973694,
        41.163437480657876,
        40.262249718249684,
        41.858627131287484,
        33.52191503283004,
        35.463427651096396,
        34.34374282729458,
        35.07537248772635,
        35.725776531326936
    ],
    "val_rmse": [
        20.037238599342864,
        13.578766652473123,
        9.972929540364614,
        8.205374721377183,
        8.255005243890967,
        6.720256714664904,
        6.593885938298914,
        6.5710771451384025,
        5.956024617439825,
        6.109059175367006,
        6.1021625173050005,
        5.629496071562468,
        6.040688794055788,
        6.02400883553649,
        6.181112128194623,
        5.4490271083728095,
        5.579791722023324,
        5.5375956799899,
        5.512524228406886,
        5.587302219995305
    ],
    "val_mae": [
        13.448163207148163,
        9.25817228370989,
        6.8640187357513,
        5.719145002499433,
        5.654466313375553,
        4.759454754036917,
        4.746351557718197,
        4.631843724720914,
        4.244970445901576,
        4.2405674323229725,
        4.311174513588489,
        3.970265506019055,
        4.271067021598278,
        4.344380452599324,
        4.383088038001262,
        3.914992782431589,
        3.9759923236470827,
        3.9289716364632192,
        3.853868887458049,
        3.879887836080202
    ],
    "val_ndcg": [
        0.9552615352079902,
        0.9803778302501625,
        0.9900085867290765,
        0.9927245554789691,
        0.9929810569319927,
        0.9937699966027703,
        0.9954146490970128,
        0.9936058378555406,
        0.9941671062523211,
        0.9947078941573559,
        0.9938346449757965,
        0.9955057291917397,
        0.9949795964738013,
        0.9951892134169458,
        0.9950296677334208,
        0.9954134653991377,
        0.9948479037889293,
        0.9956618916820472,
        0.9953685369290096,
        0.9951692357869215
    ],
    "lr": [
        0.001,
        0.001,
        0.001,
        0.001,
        0.001,
        0.001,
        0.001,
        0.001,
        0.001,
        0.001,
        0.001,
        0.001,
        0.001,
        0.001,
        0.001,
        0.001,
        0.001,
        0.001,
        0.001,
        0.001
    ]
}