{
    "train_loss": [
        9812096.506475784,
        4584.373813960846,
        683.9693077162867,
        588.5548383935637,
        569.8581737992382,
        565.4350329893559,
        546.1277413071233,
        902.3874230452856,
        550.8920306154085,
        611.4465320584219,
        258.6256044823578,
        261.0530639129438,
        423.7300541323398,
        235.8423772040495,
        243.52575657402224
    ],
    "train_rmse": [
        2204.5001384884704,
        31.75518825825523,
        20.92651004300398,
        19.37837447489009,
        18.93159316450942,
        18.894523204541674,
        18.680657621107848,
        19.67479563928118,
        16.952987349500845,
        15.00845682036643,
        12.77929981549581,
        12.553888471687541,
        12.672765930493673,
        11.77525833307528,
        11.495135172325021
    ],
    "train_mae": [
        1089.6466163642267,
        13.601505233960992,
        9.987332241207946,
        9.178459810860017,
        8.771486703087302,
        8.499509475979151,
        8.411010800623426,
        8.455365020270442,
        7.705346857215844,
        6.872220122346691,
        6.284317762828341,
        6.208632714608136,
        6.105891062932856,
        5.913659297368106,
        5.743282627825644
    ],
    "train_ndcg": [
        0.42404177160385775,
        0.4308037661454257,
        0.4485427499109623,
        0.46819659165453675,
        0.46317743520964594,
        0.4600252027933796,
        0.4719118761519591,
        0.5122832715803501,
        0.6887890080391776,
        0.7899701135123477,
        0.8194920277478648,
        0.8380537190127606,
        0.8467737434833658,
        0.8570752726027778,
        0.865916281062014
    ],
    "val_loss": [
        161003.02795589733,
        627.0984092464821,
        584.0652229843213,
        605.8041728534693,
        581.0668368357072,
        584.0686714208798,
        607.4926896910329,
        562.4473520793226,
        410.62723042732176,
        310.51612802091955,
        337.5248479480302,
        242.8062202479727,
        550796.1478870416,
        122693.91390221499,
        275.4329618305648
    ],
    "val_rmse": [
        134.92457840489405,
        20.12668777914608,
        19.13696610693838,
        19.441270711375218,
        18.885639136912776,
        19.348975574269016,
        19.419699416441077,
        18.748218774795532,
        16.00236640256994,
        13.808003855686561,
        14.577302371754365,
        12.479668537775675,
        303.3824674194934,
        82.23090685582629,
        13.088721635294895
    ],
    "val_mae": [
        32.357852192486035,
        8.932597403432808,
        8.121389566683302,
        8.398046273811191,
        8.201704810647403,
        8.552953381164402,
        8.19519099300983,
        8.1296147108078,
        7.122759365567974,
        6.610767923149408,
        6.80838181925755,
        6.380119968863094,
        61.807912471247654,
        18.66425412308936,
        6.339332045293322
    ],
    "val_ndcg": [
        0.4233640159169833,
        0.4397212777505903,
        0.4543166644140786,
        0.4735443559931774,
        0.4669114881578614,
        0.4559948708789021,
        0.5066251190854054,
        0.583361863213427,
        0.705641210955732,
        0.7598794250219476,
        0.7550553602038645,
        0.7961907177871349,
        0.7755590943144817,
        0.8018274535151089,
        0.8048694599785057
    ],
    "lr": [
        0.001,
        0.001,
        0.001,
        0.001,
        0.001,
        0.001,
        0.001,
        0.001,
        0.001,
        0.001,
        0.001,
        0.001,
        0.001,
        0.001,
        0.001
    ]
}