{
    "train_loss": [
        30916602.69585125
    ],
    "train_rmse": [
        5505.151890773399
    ],
    "train_mae": [
        3238.368741502949
    ],
    "train_ndcg": [
        0.4221665140277907
    ],
    "val_loss": [
        10797037.784773331
    ],
    "val_rmse": [
        3154.128257601869
    ],
    "val_mae": [
        1234.7767527711158
    ],
    "val_ndcg": [
        0.4109954308061039
    ],
    "lr": [
        0.0001
    ]
}