{
    "train_loss": [
        8418452.269457791,
        8991.794807557508,
        728.3824057718989,
        558.1468335945444,
        614.2135561594625,
        505.8799311087552,
        344.4702264438919,
        463.0090228733179,
        362.3222325597367
    ],
    "train_rmse": [
        1965.873095297346,
        30.186935189892264,
        20.34916932442609,
        19.004130245423784,
        18.091540649241093,
        16.1989457052128,
        14.438217076016407,
        14.476118841592003,
        13.870830217997232
    ],
    "train_mae": [
        947.1847597290488,
        12.55875259404089,
        9.392385387537526,
        8.596217381603578,
        8.31521716187982,
        7.521429449904199,
        7.014067494986104,
        6.851591137694378,
        6.645183460385192
    ],
    "train_ndcg": [
        0.41807068297274264,
        0.44082550485344496,
        0.44719151506090865,
        0.5345885204333886,
        0.669649330789552,
        0.7555669675416806,
        0.7833890792201547,
        0.8173886291390541,
        0.833450390646855
    ],
    "val_loss": [
        948.8263286146943,
        453.75648303112104,
        437.112660811564,
        406.0137474066122,
        294.7535482982699,
        235.49977719684816,
        518.6800864750519,
        456.1785668123686,
        239.89651631898678
    ],
    "val_rmse": [
        26.976537442674825,
        16.969593394036387,
        16.797951497283638,
        16.406304817573698,
        14.405835114273371,
        12.505057648116468,
        15.729557013979145,
        13.623177079593434,
        12.511649391230415
    ],
    "val_mae": [
        14.229572067073747,
        7.536780703301523,
        8.211106482674094,
        7.67495067914327,
        7.238021876297745,
        6.468094103476581,
        7.143603747966242,
        6.628073860617245,
        6.452070074922898
    ],
    "val_ndcg": [
        0.44840391549993963,
        0.5094351412034502,
        0.5217245495786854,
        0.5675640002477402,
        0.7255709460553001,
        0.7477921972087785,
        0.7788381266827676,
        0.7826923240049213,
        0.7780223854032218
    ],
    "lr": [
        0.001,
        0.001,
        0.001,
        0.001,
        0.001,
        0.001,
        0.001,
        0.001,
        0.001
    ]
}